[베스트에버] 문어 삑삑이 토이,1034,만족 ,네****,2022-08-12 05:42:55,문어대신 가재가 왔지만 울강아지가 좋아합니다(2022-08-11 23:16:33 에 등록된 네이버 페이 구매평)
[ODD PLAY] 널 품겠 닭 삼계탕 노즈워크,1033,만족 ,네****,2022-08-12 05:02:22,울강아지가 넘넘 좋아해요(2022-08-11 19:29:22 에 등록된 네이버 페이 구매평)
[ODD STUDIO]하트 셔링 크롭 원피스,1032,노랑이원피스를 이@트 몰리@샵에서세일하길래 입혀보고 넘 이뻐서또 구입했네요~블루가 품절되서 다른디... ,네****,2022-08-10 02:31:55,노랑이원피스를 이@트 몰리@샵에서@>@세일하길래 입혀보고 넘 이뻐서@>@또 구입했네요~@>@@>@블루가 품절되서 다른디자인보다가 @>@상담원분이 블루를 찾아주셨어요~^^@>@@>@저희애기는 푸들이라 많이 크롭기장이에요~@>@상의만입은것같아서 좀부끄럽지만@>@진짜이뽀요~@>@@>@바느질@/@원단 넘 좋고요@/@@>@대신 사이즈가 조금 작은듯해서@>@애기가 2.7kg인데 라지로 샀어요~@>@@>@정성스런 손편지에 카카오목걸이도 보내주셨는데.@>@조카가 뺏어가서 못찍음.@>@@>@친절하시고상품도 좋아요~또올게요~(2022-08-09 08:49:36 에 등록된 네이버 페이 구매평)
또또또 호박 벌룬티 (3COLOR),1031,후기 남겨요 ,주****,2022-07-26 17:23:26,인스타 보다가 너무 기여워서 구매햇어용ㅠㅠㅠL-XL 왓다갓다 하는데 이거는 L도 맞네요 크롭 기장이라서 너무 기여워요 완전 졸귀탱❤️강추강추 핑크랑 퍼플이랑 고민 엄청 햇거든요다음엔 핑크도 구매 하려구용!!
[ODD STUDIO] 또또또친구들 따또 풉백 ♥사업자회원 전용 아이템 ♥,1030,귀여움 ,조****,2022-07-26 17:23:26,인스타 보다가 너무 기여워서 구매햇어용ㅠㅠㅠL-XL 왓다갓다 하는데 이거는 L도 맞네요 크롭 기장이라서 너무 기여워요 완전 졸귀탱❤️강추강추 핑크랑 퍼플이랑 고민 엄청 햇거든요다음엔 핑크도 구매 하려구용!!
[ODD PLAY] 고구마농장 노즈워크 ♥사업자회원 전용♥,1029,귀여움 ,조****,2022-07-26 17:23:26,인스타 보다가 너무 기여워서 구매햇어용ㅠㅠㅠL-XL 왓다갓다 하는데 이거는 L도 맞네요 크롭 기장이라서 너무 기여워요 완전 졸귀탱❤️강추강추 핑크랑 퍼플이랑 고민 엄청 햇거든요다음엔 핑크도 구매 하려구용!!
[ODD STUDIO] 껴또 인형 방수헤어밴드 (스누드),1028,늘 쓰는거지만 좋아요 ~~ ,네****,2022-07-09 06:31:20,늘 쓰는거지만 좋아요 ~~(2022-07-08 23:06:18 에 등록된 네이버 페이 구매평)
[ODDPET TABLE] 멍맥주 캔,1027,애기가 잘먹어용 ,유****,2022-07-08 18:01:56,저희 아이가 너무 잘먹네요~또 사먹여야겠어요ㅎㅎ
[오드펫포차] 멍맥주&멍소주&멍안주증정 ♥개업이벤트♥,1026,만족 ,네****,2022-07-06 03:45:57,넘 마음에 듭니다~^용량도 많고~^진짜 귀여워용~^(2022-07-05 12:11:53 에 등록된 네이버 페이 구매평)
[ODD STUDIO]또또또친구들 UV 선캡_따또 해또 누또 껴또 (4COLOR),1019,만족 ,네****,2022-05-26 02:32:20,썬캡 저번에 사고 만족해서 또 샀어요 강아지가 귀가 짧아서.. 오래 버티지는 못하지만 그래도 눈 보호 해주고 귀여우니까 너무 좋네요(2022-05-25 01:39:05 에 등록된 네이버 페이 구매평)
[ODDPET TABLE] 스위트 말랑고구마(큐브,스틱),1018,만족 [1],네****,2022-05-26 02:32:20,저희 집 강아지가 고구마를 너무 좋아해서 편하게 먹이려고 산건데 어우 너무 만족해요@>@아주 환장을 하네요 다만 아쉬운게 조금 딱딱해서 몇 번 씹고 삼켜 버릴 때 좀 걱정이더라구요...@>@그래도 아직 탈난 적 없고 강아지도 너무좋아해서 만족합니당!!(2022-05-25 01:35:12 에 등록된 네이버 페이 구매평)
[ODD STUDIO]플라워 시스루 크롭탑-애플그린,1017,너무 이뻐요 너무너무 이뻐요 흰 티랑 입히면 아주 패셔니스타 짱! ,네****,2022-05-26 02:22:57,너무 이뻐요 너무너무 이뻐요 흰 티랑 입히면 아주 패셔니스타 짱!(2022-05-25 01:38:09 에 등록된 네이버 페이 구매평)
[ODD STUDIO]플라워 시스루 크롭탑-애플그린,1016,기여워 미쳐버리는 옷^^^^ ,네****,2022-05-25 05:10:34,기여워 미쳐버리는 옷^^^^(2022-05-24 19:30:06 에 등록된 네이버 페이 구매평)
[ODD STUDIO]오로라 시스루원피스-오로라핑크,1015,기여워 미쳐버리는 옷^^^^ ,네****,2022-05-25 05:10:34,기여워 미쳐버리는 옷^^^^(2022-05-24 19:29:15 에 등록된 네이버 페이 구매평)
[ODD STUDIO]오로라 시스루 원피스-오로라퍼플,1014,만족 ,네****,2022-05-17 04:32:42,아직 튼튼하게 잘 입히고있고 꽃이랑 사진 찍으면 정말 예뻐요(2022-05-16 15:11:43 에 등록된 네이버 페이 구매평)
[ODD STUDIO] 따또 크롭 탱크탑,1013,너무 귀여워요!! 다견가정 세트로 입혀놓으면 더이쁜거같아요 신축성은 없는편이라 사이즈 잘보고사야할것 ... [1],네****,2022-05-17 04:04:41,너무 귀여워요!! 다견가정 세트로 입혀놓으면 더이쁜거같아요 신축성은 없는편이라 사이즈 잘보고사야할것 같습니다(2022-05-16 15:09:12 에 등록된 네이버 페이 구매평)
[ODD STUDIO]데이지 셔링 크롭 원피스 (핑크),1012,색상도 너무 예쁘고 디자인도 예뻐요~~^^등이긴 푸들인데 크롭 느낌으로 넘 귀여워요 ,네****,2022-05-09 02:30:47,색상도 너무 예쁘고 디자인도 예뻐요~~^^등이긴 푸들인데 크롭 느낌으로 넘 귀여워요(2022-05-08 06:39:20 에 등록된 네이버 페이 구매평)
[ODD STUDIO] 해또 크롭 탱크탑,1011,역시 예쁘네요! 다섯개중 세개있는데 두개도 살까 고민중.. ,네****,2022-04-29 05:58:57,역시 예쁘네요! 다섯개중 세개있는데 두개도 살까 고민중..(2022-04-28 21:56:00 에 등록된 네이버 페이 구매평)
[ODD STUDIO] 누또 크레용 크롭 맨투맨 티셔츠(핑크),1004,만족 ,네****,2022-04-20 02:26:33,그냥 그래요~~~흠(2022-04-19 00:49:00 에 등록된 네이버 페이 구매평)
[ODD STUDIO] 데이지 셔링 크롭 원피스 (옐로우),1003,봄에 넘 예쁜 옷이예요~! ,네****,2022-04-17 05:56:18,봄에 넘 예쁜 옷이예요~!(2022-04-16 22:38:58 에 등록된 네이버 페이 구매평)
[ODD STUDIO] 데이지 셔링 크롭 원피스 (그린),1002,산뜻한게 너무 예뻐요ㅎㅎ둘이 세트로 입혔어요~^^ ,네****,2022-04-17 05:56:17,산뜻한게 너무 예뻐요ㅎㅎ@>@둘이 세트로 입혔어요~^^(2022-04-16 22:36:31 에 등록된 네이버 페이 구매평)
[ODD STUDIO]오로라 시스루 원피스-오로라퍼플,1001,L사이즈가 없어서 아쉬웠지만 선물하려고 M사이즈 구입 했어요~ ,네****,2022-04-17 03:03:08,L사이즈가 없어서 아쉬웠지만 선물하려고 M사이즈 구입 했어요~(2022-04-16 10:20:55 에 등록된 네이버 페이 구매평)
[ODD STUDIO]데이지 셔링 크롭 원피스 (핑크),1000,이쁜 상품 좋은 가격에 구매 했어요^털찐 상태라 3.8키로 L사이즈 ,네****,2022-04-17 03:03:06,이쁜 상품 좋은 가격에 구매 했어요^@>@털찐 상태라 3.8키로 L사이즈(2022-04-16 10:19:15 에 등록된 네이버 페이 구매평)
[ODD STUDIO] 또또또 친구들 선캡_오댕,999,만족 ,네****,2022-04-16 05:21:44,너무 귀엽습니다ㅎㅎ 여름에 쓰려고 미리 구매했어요!(2022-04-15 18:43:40 에 등록된 네이버 페이 구매평)
[ODD STUDIO] 데이지 셔링 크롭 원피스 (그린),998,만족 ,네****,2022-04-16 05:11:43,너무 귀여워용 저렴하게 잘 구매했어요 분홍색도 하나 더 구매하려구용(2022-04-15 17:57:10 에 등록된 네이버 페이 구매평)
[ODD STUDIO] 데이지 셔링 크롭 원피스 (그린),997,만족 ,네****,2022-04-16 02:28:28,졸귀탱인데 등쪽 프릴부분이 자꾸 발라당까져서 @>@좀 아쉽ㅠㅠ(2022-04-15 01:03:45 에 등록된 네이버 페이 구매평)
[ODD STUDIO] 데이지 셔링 크롭 원피스 (그린),996,만족 ,네****,2022-04-15 03:16:07,색상 너무 예쁘고 크롭이라서 더 귀여워요(2022-04-14 10:10:10 에 등록된 네이버 페이 구매평)
[ODD STUDIO]데이지 셔링 크롭 원피스 (핑크),989,2.6키로 아가 m사이즈 예쁘게 맞아요 ,네****,2022-04-08 03:33:02,2.6키로 아가 m사이즈 예쁘게 맞아요(2022-04-07 12:42:31 에 등록된 네이버 페이 구매평)
[ODD STUDIO]데이지 셔링 크롭 원피스 (핑크),988,2.6키로 아가 m사이즈 예쁘게 맞아요 ,네****,2022-04-08 03:33:01,2.6키로 아가 m사이즈 예쁘게 맞아요(2022-04-07 12:41:52 에 등록된 네이버 페이 구매평)
[ODD STUDIO]또또또친구들 UV 선캡_따또 해또 누또 껴또 (4COLOR),987,예쁘게 잘 썼어요~!! ,네****,2022-04-08 02:23:52,예쁘게 잘 썼어요~!!(2022-04-07 02:46:43 에 등록된 네이버 페이 구매평)
[ODD STUDIO] 따또 인형 방수헤어밴드 (스누드),986,가족 선물로 했는데 마음에 들어했어요 ,네****,2022-04-08 02:21:27,가족 선물로 했는데 마음에 들어했어요(2022-04-07 01:40:44 에 등록된 네이버 페이 구매평)
[ODD STUDIO] 데이지 셔링 크롭 원피스 (그린),985,몸통에 조금 짧긴 했지만 이뿌게 잘 맞아요 ,네****,2022-04-07 06:11:48,몸통에 조금 짧긴 했지만 이뿌게 잘 맞아요(2022-04-06 22:17:37 에 등록된 네이버 페이 구매평)
[ODD STUDIO] 데이지 셔링 크롭 원피스 (그린),984,만족 ,네****,2022-04-07 04:56:18,미듐인데 약간 작네요 포메라 털이만ㄹ아서 그런거같아오ㅔ(2022-04-06 18:03:23 에 등록된 네이버 페이 구매평)
[ODD STUDIO] 데이지 셔링 크롭 원피스 (그린),983,만족 ,네****,2022-04-07 03:47:16,사진보다 실제가 훨씬 더 예쁩니다! 다른 색깔도 구매하고 싶네요>_<너무 예뻐요 놀러 갈 때 입혀야 겠어요 ❤️(2022-04-06 12:43:57 에 등록된 네이버 페이 구매평)
[ODD STUDIO]오로라 시스루 원피스-오로라퍼플,982,만족 ,네****,2022-04-05 05:49:21,예뻐요! 세일때 사서 싸게 구매했습니다(2022-04-04 23:39:15 에 등록된 네이버 페이 구매평)
[ODD STUDIO]데이지 셔링 크롭 원피스 (핑크),981,만족 ,네****,2022-04-05 05:49:21,예뻐요! 세일때 사서 싸게 구매했습니다(2022-04-04 23:38:59 에 등록된 네이버 페이 구매평)
[ODD STUDIO] 테슬 스카프_핑크,974,색감이 너무이뻐용 목에 걸어주면 댕댕이가 화사해져요 ,네****,2022-04-01 05:31:23,색감이 너무이뻐용 목에 걸어주면 댕댕이가 화사해져요(2022-03-31 20:31:06 에 등록된 네이버 페이 구매평)
[ODD STUDIO]오로라 시스루 원피스-오로라퍼플,973,저렴하게 너무 잘샀어요~~천도좋고 귀여워용 ,네****,2022-03-30 04:02:41,저렴하게 너무 잘샀어요~~@>@천도좋고 귀여워용(2022-03-29 15:44:32 에 등록된 네이버 페이 구매평)
[ODD STUDIO] 데이지 셔링 크롭 원피스 (그린),972,저렴하게 너무 잘샀어요~~천도좋고 귀여워용 ,네****,2022-03-30 04:02:40,저렴하게 너무 잘샀어요~~@>@천도좋고 귀여워용(2022-03-29 15:43:42 에 등록된 네이버 페이 구매평)
[ODD STUDIO]플라워 시스루 크롭탑-애플그린,971,만족 ,네****,2022-03-26 05:14:27,너무너무 마음에 들어요(2022-03-25 17:28:49 에 등록된 네이버 페이 구매평)
[ODD STUDIO]오로라 시스루 원피스-오로라퍼플,970,만족 ,네****,2022-03-26 05:14:27,너무너무 마음에 들어요(2022-03-25 17:28:28 에 등록된 네이버 페이 구매평)
[ODD STUDIO] 데이지 셔링 크롭 원피스 (그린),969,만족 ,네****,2022-03-25 02:48:34,노란색 못구입해서 속상합니다 ㅠ(2022-03-24 07:22:59 에 등록된 네이버 페이 구매평)
[ODD STUDIO] 오댕 노즈워크 장난감,968,만족 ,네****,2022-03-23 05:41:49,잘 가지고 놀아요 !(2022-03-22 21:03:43 에 등록된 네이버 페이 구매평)
[베스트에버] 파 바스락삑삑 토이,967,일단 배송이 빨라서 좋구요예전에 이 장난감 사줬는데다 망가뜨려서 하나 더 사줬는데오늘도 하루만에 사... ,네****,2022-03-23 05:39:19,일단 배송이 빨라서 좋구요@>@예전에 이 장난감 사줬는데@>@다 망가뜨려서 하나 더 사줬는데@>@오늘도 하루만에 사망할꺼지만....  @>@다음에 또 구매하러 오께용(2022-03-22 20:48:39 에 등록된 네이버 페이 구매평)
[ODD STUDIO] 데이지 셔링 크롭 원피스 (그린),966,너무 마음에 들어요!! ,네****,2022-03-22 04:58:04,너무 마음에 들어요!!(2022-03-21 20:32:13 에 등록된 네이버 페이 구매평)
[ODD STUDIO] 데이지 셔링 크롭 원피스 (옐로우),959,만족 ,네****,2022-03-21 02:54:32,예뻐요 날 따뜻해지면 입힐라고용(2022-03-20 08:57:57 에 등록된 네이버 페이 구매평)
[ODD STUDIO]오로라 시스루 원피스-오로라퍼플,958,만족 ,네****,2022-03-21 02:54:32,사랑스러워용ㄱㄱㅋ@>@값도 착해서 맘에들어용(2022-03-20 08:57:29 에 등록된 네이버 페이 구매평)
[ODD STUDIO] 뉴데일리 버튼베베 당근토끼(2COLOR),957,만족 ,네****,2022-03-21 02:54:32,너무귀엽고 세일해서 싸게샀어용(2022-03-20 08:54:45 에 등록된 네이버 페이 구매평)
[ODD STUDIO] 신호등 양면패딩 베스트  (아이보리&핫핑크),956,만족 ,네****,2022-03-20 03:32:58,역시 두번째 사는거지만 가볍고 따뜻하고 겨울에 이거 하나만 입혀도 되고 만족해요(2022-03-19 11:05:19 에 등록된 네이버 페이 구매평)
[ODD STUDIO] 데이지 셔링 크롭 원피스 (옐로우),955,귀여워용 ㅎㅎ싸게 잘샀어요 ,네****,2022-03-19 04:56:42,귀여워용 ㅎㅎ싸게 잘샀어요(2022-03-18 16:39:41 에 등록된 네이버 페이 구매평)
[ODD STUDIO] 신호등 양면패딩 베스트 (민트&라벤더),954,저렴한 가격에 완전 득템했어요민트랑 퍼플이 우리 강아지한테 정말 이쁘게 어울리네요 ,네****,2022-03-19 02:48:37,저렴한 가격에 완전 득템했어요@>@민트랑 퍼플이 우리 강아지한테 정말 이쁘게 어울리네요(2022-03-18 09:22:58 에 등록된 네이버 페이 구매평)
[ODD STUDIO]데이지 셔링 크롭 원피스 (핑크),953,귀여워요,,,퍼스널컬러 따위 없엉,, 스모크밴딩으로 편하게 입을수있어요! ,네****,2022-03-18 02:32:09,귀여워요@/@@/@@/@퍼스널컬러 따위 없엉@/@@/@ 스모크밴딩으로 편하게 입을수있어요!(2022-03-17 06:26:32 에 등록된 네이버 페이 구매평)
[ODD STUDIO] 신호등 양면패딩 베스트 (민트&라벤더),952,만족 ,네****,2022-03-17 04:08:58,이쁘고 좋아요. 사이즈는 정사이즈보다 약간 작았어요. 신기하게 빨았늠데도 솜이 뭉치거나 하지 않네요. 강추요(2022-03-16 14:09:43 에 등록된 네이버 페이 구매평)
[ODD STUDIO] 누또 크레용 크롭 맨투맨 티셔츠(핑크),951,파업으로 다른쪽으로 받았는데 아직 전달받진 못햇지만 품이 켜보인다고는하는데 그래도 만족합니다 ,네****,2022-03-16 05:57:38,파업으로 다른쪽으로 받았는데 아직 전달받진 못햇지만 품이 켜보인다고는하는데 그래도 만족합니다(2022-03-15 21:14:09 에 등록된 네이버 페이 구매평)
[ODD STUDIO] 데이지 셔링 크롭 원피스 (그린),944,너무 예뻐요 ,우****,2022-03-14 23:59:01,예뻐서 사이즈 두가지로 구매했네요
[ODD STUDIO] 데이지 셔링 크롭 원피스 (그린),943,너무 예뻐요 ,우****,2022-03-14 23:58:38,예뻐서 색상별로 구매했어요. 
[ODD STUDIO]오로라 시스루 원피스-오로라퍼플,942,만족 ,네****,2022-03-14 04:26:29,저렴한 가격이 엄청 잘샀어요(2022-03-13 15:53:46 에 등록된 네이버 페이 구매평)
[ODD STUDIO] 데이지 셔링 크롭 원피스 (그린),941,만족 ,네****,2022-03-14 04:26:29,저렴한 가격이 엄청 잘샀어요(2022-03-13 15:53:37 에 등록된 네이버 페이 구매평)
[ODD STUDIO] 뉴데일리 버튼베베 당근토끼(2COLOR),940,만족 ,네****,2022-03-14 04:26:29,저렴한 가격이 엄청 잘샀어요(2022-03-13 15:53:27 에 등록된 네이버 페이 구매평)
[ODD STUDIO] 데이지 셔링 크롭 원피스 (옐로우),939,너무 기여워용! ,박****,2022-03-11 10:26:49,2.9키로 m사이즈 잘 맞아요! 저렴하게 잘 샀어요>_<
[ODD STUDIO] 뉴데일리 버튼베베 당근토끼(2COLOR),938,만족 ,네****,2022-03-11 04:38:07,아이보리@/@핑크 다 이뻐요 너무 맘에들어요(2022-03-10 17:52:36 에 등록된 네이버 페이 구매평)
[ODD STUDIO] 뉴데일리 버튼베베 당근토끼(2COLOR),937,만족 ,네****,2022-03-11 04:38:07,스판 너무 좋고 이뻐요 정말 맘에 들어요(2022-03-10 17:52:07 에 등록된 네이버 페이 구매평)
[ODD STUDIO]오로라 시스루원피스-오로라핑크,936,만족 ,네****,2022-03-11 03:35:46,너무너무 이뻐요 저렴하게 잘 샀네요(2022-03-10 12:32:02 에 등록된 네이버 페이 구매평)
[ODD STUDIO]또또또친구들 하네스 껴또(그린) ★세트 리쉬줄 포함★,929,넘모 귀여워요....♡ 원래도 귀여운 강아지지만여... [1],네****,2022-01-07 02:21:04,넘모 귀여워요....♡ 원래도 귀여운 강아지지만여...(2022-01-06 00:50:25 에 등록된 네이버 페이 구매평)
,928,만족 ,네****,2022-01-05 02:28:51,신축성좋고 편하게 잘 맞아요(2022-01-04 00:59:20 에 등록된 네이버 페이 구매평)
,927,만족 ,네****,2022-01-05 02:28:51,조금 크긴한데 입혀서 나가보면 따뜻한거 같아요 손 넣어보면 후끈후끈함 ㅎㅎ(2022-01-04 00:58:17 에 등록된 네이버 페이 구매평)
[ODD STUDIO] 신호등양면패딩 자켓 (옐로우&웜그레이),926,색도 예쁘고 넘 예쁜데 엑스라지 맞나요? 가슴둘레는 널널한데 팔,겨드랑이쪽이 껴서 불편해합니다ㅜㅠ너무 ... ,네****,2022-01-03 03:29:25,색도 예쁘고 넘 예쁜데 엑스라지 맞나요? 가슴둘레는 널널한데 팔@/@겨드랑이쪽이 껴서 불편해합니다ㅜㅠ너무 예쁜데 못입힐것 같아요(2022-01-02 14:31:17 에 등록된 네이버 페이 구매평)
[ODD STUDIO] 신호등 양면패딩 자켓  (민트&라벤더),925,만족 ,네****,2022-01-03 03:15:53,예쁘고 따뜻해보여요(2022-01-02 11:42:01 에 등록된 네이버 페이 구매평)
[ODD STUDIO] 신호등양면패딩 자켓 (옐로우&웜그레이),924,색감이 너무 이뻐요^^ 비숑아이한테 노랑 넘 이쁘네요~ 잘늘어나고 신축성도 있어 입고벗기기에도 수월하네... ,네****,2022-01-03 02:55:37,색감이 너무 이뻐요^^ 비숑아이한테 노랑 넘 이쁘네요~ 잘늘어나고 신축성도 있어 입고벗기기에도 수월하네요! 올겨울 따뜻하게 잘 입힐게요~(2022-01-02 11:49:37 에 등록된 네이버 페이 구매평)
[ODD STUDIO] 신호등 양면패딩 자켓 (더스티블루&베이지),923,옷도 따뜻하고 패딩가방까지 구성도 좋아요! 같이 주신 옷도 이쁘네요:) ,네****,2021-12-30 05:09:01,옷도 따뜻하고 패딩가방까지 구성도 좋아요! 같이 주신 옷도 이쁘네요:)(2021-12-29 19:15:38 에 등록된 네이버 페이 구매평)
[ODD STUDIO] 신호등 양면패딩 베스트  (아이보리&핫핑크),922,작년에 백화점에서 패딩조끼 하나 사서 입혔는데 가볍고 옷입기 싫어하는 울 애도 잘 입더라구요 근데 밀 ... ,네****,2021-12-29 05:13:12,작년에 백화점에서 패딩조끼 하나 사서 입혔는데 가볍고 옷입기 싫어하는 울 애도 잘 입더라구요 @>@근데 밀 큰걸 샀는데도 애가 너무 커져서 많이 못입혀서 @>@둘째 물려주고 xl로 하나 더 샀어요 @>@잘 맞고 넘 이뻐요 @>@조끼하나 샀는데 사은품이 두개나 와서 더 감동이에요 티도 도톰하니 면도 좋고 장난감도 넘 감사해요 @>@품질이 좋아서 다시 찾게됬는데 @>@여기 제품 정말 좋네요(2021-12-28 20:04:36 에 등록된 네이버 페이 구매평)
[ODD STUDIO] 신호등 양면 패딩 베스트  (더스티블루&베이지),921,하네스 구멍있고 따뜻해보여서 가슴둘레 대략35 등길이 30인 아이 M사이즈 구매했어요. 패딩만 입히니 약간 ... ,네****,2021-12-23 02:22:16,하네스 구멍있고 따뜻해보여서 가슴둘레 대략35 등길이 30인 아이 M사이즈 구매했어요. 패딩만 입히니 약간 여유있긴한데 팔부분이 살짝 입힐 때 불편한 느낌이있고 아래지퍼인 점이 아쉽네요. 그리고 이너입히고 하네스하고 입히면 작을 것같아 불안해요..L사이즈 다른 아이입히려고 샀던거 입혀보니 그건 또 많이 큰 느낌이고 옷은 따뜻하고 좋을 것같은데 개인적으로는 조금 아쉬워요...@>@패딩은 있어야할 것같아서 저희 집 댕댕이들은 입히려면 이건 이것만 단독으로 입혀야할 것같아요(2021-12-22 01:22:21 에 등록된 네이버 페이 구매평)
[ODD STUDIO] 신호등 양면패딩 베스트  (옐로우&웜그레이),914,만족 ,네****,2021-12-16 03:16:14,색깔도 쨍한 노란색이라 모색상관없이 잘어울리고@>@무엇보다 가볍고 따뜻합니다!  양면패딩이라 뒤집어 입을수있고..@>@강아지패딩 5만원 넘어가는곳이 많던데  가성비는 오드펫 신호등패딩 따라올것이 없네요^^@>@둘째가 등길이에비해 가슴둘레가 통통해서 사이즈교환신청드렸는데..@>@전화상담도 친절히 진행해주셨고@/@.@>@상품 반품 수거하자마자 바로새상품 발송해주셔서 급추워진 요즘 날씨에 잘 입힐수 있었어요~~@>@정말 감사합니다^^ 번창하세요!!(2021-12-15 09:54:45 에 등록된 네이버 페이 구매평)
[ODD STUDIO] 누또 인형 방수헤어밴드 (스누드),913,거의 일년째 껴또 헤어밴드를 잘 사용하고 있다가 오래 사용하니조금씩 늘어나는 것 같은 기분에 새거를 살... ,네****,2021-12-12 03:24:01,거의 일년째 껴또 헤어밴드를 잘 사용하고 있다가 오래 사용하니@>@조금씩 늘어나는 것 같은 기분에 새거를 살까 고민하던 도중@/@ 보라색 처돌이 집사 눈에 누또 헤어밴드가 눈에 들어와 바로 사버렸습니다@/@@/@^__^ 저희 애는 씻을때 보다 밥 먹일때 귀랑 얼굴털에 뭍히지 말라고 씌워주는 편인데 효과 만점이에요:) 워낙 잘 사용하던 제품이라 이번제품도 완전 만족하며 사용하고 있고@/@ 보라색도 너무 잘 뽑아주셔서 대대 만족 중입니다! 밥 먹을때 사용하다보니스누드 테두리에 습식이 많이 뭍는데도 물에 잘 씻겨져서 스누드용으로는 무조건 오드펫꺼만 사용해요^__^@>@@>@참 하나 의문점이 있다면@/@ 작년에 산 껴또 헤어밴드보다 조금 커진 거 같더라구요~ 제 제품만 그런건지는 모르겠는데@/@말티즈 아이한테 씌우기에 조오금 큰 감은 있지만 헤어밴드가 짱짱하니 고정은 잘 되서 문제 없이 잘 사용 중입니다^^(2021-12-11 11:37:41 에 등록된 네이버 페이 구매평)
[ODD STUDIO] 신호등 양면패딩 베스트 (민트&라벤더),912,만족 ,네****,2021-12-11 04:58:04,다른 싸이트보다 저렴라게 구매했어요 품질도 저렴해 보이지 않고 좋네요 따뜻한 겨울되겠어요~(2021-12-10 16:07:09 에 등록된 네이버 페이 구매평)
[ODD STUDIO] 뉴데일리베베 버튼티셔츠-밤비,911,너무 귀여워요 다른 옷들은 잘 안입고 벗으려고 하는데 요건 잘입고있어요 ㅠ ㅠ ,네****,2021-12-11 04:40:25,너무 귀여워요 다른 옷들은 잘 안입고 벗으려고 하는데 요건 잘입고있어요 ㅠ ㅠ(2021-12-10 16:16:39 에 등록된 네이버 페이 구매평)
[ODD STUDIO] 신호등 양면 패딩 베스트  (더스티블루&베이지),910,만족 ,네****,2021-12-10 03:29:47,우선 패딩이 가벼워서 산책할때 강아지가 편안해해요! 이쁘기도 너무 이쁘구요!(2021-12-09 10:26:20 에 등록된 네이버 페이 구매평)
[ODD STUDIO] 신호등 양면패딩 자켓  (민트&라벤더),909,넘 귀여워요😋 [1],임****,2021-12-09 16:09:23,살까말까 고민하다가 또 사려고 하니 색이 너무 많아서 고민하다가고민하던 시간들이 무색하게 가볍고 맘에 들어요사실 멈머가 급 살이쪘는지 컸는지 사이즈가 작아서한치수 큰사이즈로 구매하려고 하다가 리뷰 남겨요교환안하고. 다른 멈무 줘서 커플템으로 입힐라구요
[ODD STUDIO]또또또친구들 하네스 껴또(그린) ★세트 리쉬줄 포함★,908,만족 ,네****,2021-12-09 06:37:58,옷입으면 잘 안움직이는데 이건 편한지 잘 걸어요~~(2021-12-08 23:52:29 에 등록된 네이버 페이 구매평)
[ODD STUDIO] 신호등 양면 패딩 베스트  (더스티블루&베이지),907,만족 ,네****,2021-12-08 06:19:29,정사이즈예요ㅎㅎ근데 앞자크라...입고벗기가 좀ㅠㅠㅠ불편해요(2021-12-07 22:12:27 에 등록된 네이버 페이 구매평)
[ODD STUDIO] 신호등 양면패딩 자켓  (피치코랄&딥그린),906,한사이즈 업 했더니 등길이 딱 맞고 좋아요 가볍고 따듯할것 같아용 ,네****,2021-12-08 06:15:37,한사이즈 업 했더니 등길이 딱 맞고 좋아요 가볍고 따듯할것 같아용(2021-12-07 22:16:12 에 등록된 네이버 페이 구매평)
[ODD STUDIO] 신호등 양면패딩 베스트 (민트&라벤더),899,너무귀엽고 가벼워서 받아보고 주변에 추천했어요 ,네****,2021-12-02 04:47:18,너무귀엽고 가벼워서 받아보고 주변에 추천했어요(2021-12-01 16:40:26 에 등록된 네이버 페이 구매평)
[ODD STUDIO] 신호등 양면패딩 자켓  (민트&라벤더),898,너무 만족해요 [1],이****,2021-11-28 13:15:37,배송도 빠르고 너무 예뻐요.디테일도 좋고 만족해요 :-)
,897,만족 ,네****,2021-11-25 04:42:59,잘 늘어나서 편하게 입어요(2021-11-24 16:22:18 에 등록된 네이버 페이 구매평)
,896,만족 ,네****,2021-11-25 04:42:59,색상 너무이쁘고 따뜻해요(2021-11-24 16:22:00 에 등록된 네이버 페이 구매평)
[ODD STUDIO] 뉴 데일리 베베 티셔츠 - 초코베어(바이올렛)(S-XL),895,이뻐요 [1],장****,2021-11-24 12:19:54,배송도빠르고 제품맘에들어요 완전 강추합니다 귀욥네요.잘입힐게요
[ODD STUDIO] 뉴데일리베베 버튼티셔츠-도토리,894,이뻐요 [1],장****,2021-11-24 12:19:04,M주문했는데 작을거 같기도 늘어날거 같기도근더 귀욥네요.늘어날거 같아요ㅋ잘입힐게요
[ODD STUDIO] 신호등 양면패딩 베스트 (민트&라벤더),893,이뻐요 [1],장****,2021-11-18 12:01:20,일단배송이 빠라서 좋아요옷받고놀랬어요.너무가볍고 이뻐서요.감사합니다 
[ODD STUDIO] 신호등 양면패딩 베스트 (민트&라벤더),892,만족 ,네****,2021-11-17 03:53:03,보들보들좋아요 색감도좋고(2021-11-16 12:45:05 에 등록된 네이버 페이 구매평)
,891,만족 ,네****,2021-11-10 04:21:45,선물용으로 블루&그린 2개 구매했는데@/@ 저렴하게 득템했어요(2021-11-09 15:00:33 에 등록된 네이버 페이 구매평)
,884,따뜻해보여서 든든하네요!! ,네****,2021-11-03 04:05:51,따뜻해보여서 든든하네요!!(2021-11-02 15:08:34 에 등록된 네이버 페이 구매평)
,883,6키로 중반 비숑에게 사이즈 딱이네요 너무예뻐요 ,네****,2021-11-03 04:05:50,6키로 중반 비숑에게 사이즈 딱이네요 너무예뻐요(2021-11-02 15:08:03 에 등록된 네이버 페이 구매평)
,882,완전 기여워요 ,네****,2021-10-31 05:00:27,완전 기여워요(2021-10-30 18:54:57 에 등록된 네이버 페이 구매평)
,881,완전기여워요 ,네****,2021-10-31 05:00:27,완전기여워요(2021-10-30 18:54:34 에 등록된 네이버 페이 구매평)
,880,만족 ,네****,2021-10-31 04:31:15,가볍고 촉감도 너무 부드럽고 색감까지 예쁘네요@>@너무 만족합니다@>@다른색도 사고시퍼요~~(2021-10-30 15:26:49 에 등록된 네이버 페이 구매평)
,879,색도 넘 이쁘고 깔끔하네요. 아직 입혀보진 못했지만 가벼워서 겨울에 입히기 좋을거같아요 ,네****,2021-10-30 03:47:19,색도 넘 이쁘고 깔끔하네요. 아직 입혀보진 못했지만 가벼워서 겨울에 입히기 좋을거같아요(2021-10-29 13:16:10 에 등록된 네이버 페이 구매평)
,878,3.5키로 m사이즈 잘맞네요색도 너무 화사하니 이쁘고 가지고있던 목줄색이랑도  맞춘듯잘맞아요 ,네****,2021-10-30 02:35:44,3.5키로 m사이즈 잘맞네요@>@색도 너무 화사하니 이쁘고 가지고있던 목줄색이랑도  맞춘듯잘맞아요(2021-10-29 08:08:03 에 등록된 네이버 페이 구매평)
,877,최고예요! ,김****,2021-10-29 15:40:04,포근포근하고 가볍고 예뻐요! 
,876,너무 귀여워요! ,김****,2021-10-29 15:38:13,넘 귀여워요! 원단도 톡톡하고 예쁜 실내복이예요!
,869,너무 예뻐요. 예쁘게 딱 맞아요 ,네****,2021-10-08 03:08:14,너무 예뻐요. 예쁘게 딱 맞아요(2021-10-07 10:34:22 에 등록된 네이버 페이 구매평)
,868,늠늠귀여워요^^내일요고하고 산책 갈꺼예요~ ,네****,2021-09-29 07:03:40,늠늠귀여워요^^@>@내일요고하고 산책 갈꺼예요~(2021-09-28 23:56:02 에 등록된 네이버 페이 구매평)
,867,엄청크고 울집강쥐가 잘먹어요^^ ,네****,2021-09-29 07:03:40,엄청크고 울집강쥐가 잘먹어요^^(2021-09-28 23:54:35 에 등록된 네이버 페이 구매평)
,866,아이들이 좋아해요~킁킁놀이 ,네****,2021-09-29 04:25:57,아이들이 좋아해요~킁킁놀이(2021-09-28 15:44:53 에 등록된 네이버 페이 구매평)
,865,소중한 눈 보호하려고 모자 구매했습니다  지금은 쓰기 싫다고 하네요  적응할 수 있도록 열심히 씌워보겠습... ,네****,2021-09-25 05:34:43,소중한 눈 보호하려고 모자 구매했습니다  지금은 쓰기 싫다고 하네요  적응할 수 있도록 열심히 씌워보겠습니다(2021-09-24 22:36:23 에 등록된 네이버 페이 구매평)
,864,디자인 너무 귀엽고 예뻐요 ,네****,2021-09-25 05:34:40,디자인 너무 귀엽고 예뻐요(2021-09-24 22:35:14 에 등록된 네이버 페이 구매평)
,863,사이즈잘맞고 가벼워요~ 찍찍이는 조심해야되요 ㅎㅎ ,네****,2021-09-25 05:03:38,사이즈잘맞고 가벼워요~ 찍찍이는 조심해야되요 ㅎㅎ(2021-09-24 20:42:21 에 등록된 네이버 페이 구매평)
,862,깔아주자마자 강아지가 올라갔어용 크기도 적당하니 좋아요 ,네****,2021-09-25 04:32:45,깔아주자마자 강아지가 올라갔어용 @>@크기도 적당하니 좋아요(2021-09-24 18:51:46 에 등록된 네이버 페이 구매평)
[ODD STUDIO] 뉴 데일리 베베 티셔츠 - 젤리베어(아이보리)(S-XXL),861,만족 ,네****,2021-09-14 03:04:19,투엑스라지옷 많이만들어주세요ㅠㅠ(2021-09-13 08:55:27 에 등록된 네이버 페이 구매평)
[ODD STUDIO] 또또또 친구들 선캡_해또,854,모자가 너무 귀여워요 프렌치불독이라 눈이 커서 앞에서 돌이 튀거나 물이 떨어지면 눈에 들어갈까봐 걱정되... ,네****,2021-08-30 02:39:15,모자가 너무 귀여워요 프렌치불독이라 눈이 커서 앞에서 돌이 튀거나 물이 떨어지면 눈에 들어갈까봐 걱정되거든요 그리고 눈도 충혈도 많고 하지만 이 모자는 앞의 챙이 넓어서 눈도 보호하고 UV차단도 생각해서 구입했어요@>@올해 너무 더웠잖아요 여름에 더위도 피하고 눈도 보호하고 1석 2조 템으로 구매했어요 만족하고 사용하고 있어요(2021-08-29 09:15:43 에 등록된 네이버 페이 구매평)
[ODD PLAY] 당근농장 노즈워크 장난감,853,아이들이 엄청 많이 좋아해요 ,네****,2021-08-29 05:04:24,아이들이 엄청 많이 좋아해요(2021-08-28 17:28:29 에 등록된 네이버 페이 구매평)
[ODD PLAY] 달팽이 노즈워크 장난감,852,아이들이 엄청 좋아 합니다 ,네****,2021-08-29 05:04:22,아이들이 엄청 좋아 합니다(2021-08-28 17:27:44 에 등록된 네이버 페이 구매평)
,851,아이들이 엄청 좋아해요 ,네****,2021-08-29 05:04:20,아이들이 엄청 좋아해요(2021-08-28 17:27:06 에 등록된 네이버 페이 구매평)
,850,꼬부기같고 귀여운데 2.4kg아가한테는 좀 큰가같아요ㅠㅠ ,네****,2021-08-23 03:01:27,꼬부기같고 귀여운데 2.4kg아가한테는 좀 큰가같아요ㅠㅠ(2021-08-22 10:35:07 에 등록된 네이버 페이 구매평)
[ODD STUDIO] 해또 인형 방수헤어밴드 (스누드),849,만족 ,네****,2021-08-20 05:47:48,배송빠르고 좋아요 ㅎ(2021-08-19 19:35:51 에 등록된 네이버 페이 구매평)
[ODD STUDIO] 뉴 새콤달콤 민소매티-고래(블루),848,만족 ,네****,2021-08-18 03:07:09,이뻐요 대박나실거예요(2021-08-17 09:50:52 에 등록된 네이버 페이 구매평)
[ODD STUDIO] 뉴 새콤달콤 민소매티-다이노(옐로우),847,만족 ,네****,2021-08-18 03:07:09,이뻐요 대박나실거예요(2021-08-17 09:50:38 에 등록된 네이버 페이 구매평)
[ODD STUDIO] 뉴 새콤달콤 민소매티-미니토끼(옐로우),846,만족 ,네****,2021-08-18 03:07:09,이뻐요 대박나실거예요(2021-08-17 09:50:24 에 등록된 네이버 페이 구매평)
[ODDPET TABLE]동결건조 눈건강 당근칩 20g,839,아삭아삭 너무잘먹어요 ,나****,2021-08-12 21:25:01,16살 노령견 키우고 있는데 눈물도 심하고 음식을 가리면서 먹는데..오드펫 당근칩 구매해서 급여해봤는데 진짜 잘먹어요 다먹으면 더 시킬라구요!!
[ODDPET TABLE]동결건조  체력보강  명태큐브35g,838,너무 잘먹어요~! ,나****,2021-08-12 21:23:15,저희 아가가 다이어트중이라 당근칩이랑 단호박 주문했답니다❣️눈 뒤집고 먹어용 ㅎㅎ 맛있나봐용시중에 판매하는 육류간식 다끊고 오드펫 간식으로 갈아탓어요! 변비도 심했는데 많이 좋아졌구 무엇보다 가볍게 먹일 수 있어서 너무 좋은거 가테요!수분도 없는거라 설사도 안하구요^^! 적극 추천해요~!
,837,너무너무 이뻐요 졸귀탱 ,네****,2021-08-06 04:45:21,너무너무 이뻐요 졸귀탱(2021-08-05 16:49:23 에 등록된 네이버 페이 구매평)
,836,요구르트아줌마 수타일 너무 너무 귀여워욭 ,네****,2021-08-06 04:45:21,요구르트아줌마 수타일 너무 너무 귀여워욭(2021-08-05 16:48:00 에 등록된 네이버 페이 구매평)
,835,불량이라 새로 보내주셨는데 완전 빠른배송 감사합니다 ,네****,2021-08-06 04:45:20,불량이라 새로 보내주셨는데 완전 빠른배송 감사합니다(2021-08-05 16:47:15 에 등록된 네이버 페이 구매평)
,834,너무너무 이뻐요 우리애랑 찰떡이네요 ㅎ ,네****,2021-08-06 04:45:20,너무너무 이뻐요 우리애랑 찰떡이네요 ㅎ(2021-08-05 16:46:31 에 등록된 네이버 페이 구매평)
,833,너무 이뻐요 색상도 이쁘고 시원하구 ,네****,2021-08-06 04:45:19,너무 이뻐요 색상도 이쁘고 시원하구(2021-08-05 16:45:44 에 등록된 네이버 페이 구매평)
,832,귀욤귀욤 100%만족해요^^ ,네****,2021-08-03 05:30:49,귀욤귀욤 @>@100%만족해요^^(2021-08-02 23:09:30 에 등록된 네이버 페이 구매평)
,831,만족 ,네****,2021-08-03 04:38:16,아이가 산책할 때 더워해서요. 구입했어요. 금방 마르고 좋아요(2021-08-02 14:29:06 에 등록된 네이버 페이 구매평)
,824,친구랑 같이 샀는데 너무 귀여워요ㅠㅠㅠ유치원복 입은거같다고ㅋㅋㅋ근데 생각보다 물기 짜는게 힘들어요 ... ,네****,2021-08-02 03:43:51,친구랑 같이 샀는데 너무 귀여워요ㅠㅠㅠ유치원복 입은거같다고ㅋㅋㅋ근데 생각보다 물기 짜는게 힘들어요 쉽게 한 번 짜면 약간 시원하고 보송할거라고 생각했는데 그건아니고 아주 꾹 짜서 털어줘야 물이 안 묻어나는거 같아요 시원해서 집에 있을 때 제 허벅지에 올려놓기도 해요..강아지는 좀 생소한 느낌인지 좋아하진 않는데 점점 적응하겠죠!! 남은여름 산책은 쿨조끼로 조금 덜 덥기를 바래봐요(2021-08-01 12:38:21 에 등록된 네이버 페이 구매평)
,823,친구랑 같이 샀는데 너무 귀여워요ㅠㅠㅠ유치원복 입은거같다고ㅋㅋㅋ근데 생각보다 물기 짜는게 힘들어요 ... ,네****,2021-08-02 03:43:51,친구랑 같이 샀는데 너무 귀여워요ㅠㅠㅠ유치원복 입은거같다고ㅋㅋㅋ근데 생각보다 물기 짜는게 힘들어요 쉽게 한 번 짜면 약간 시원하고 보송할거라고 생각했는데 그건아니고 아주 꾹 짜서 털어줘야 물이 안 묻어나는거 같아요 시원해서 집에 있을 때 제 허벅지에 올려놓기도 해요..강아지는 좀 생소한 느낌인지 좋아하진 않는데 점점 적응하겠죠!! 남은여름 산책은 쿨조끼로 조금 덜 덥기를 바래봐요(2021-08-01 12:38:01 에 등록된 네이버 페이 구매평)
[ODD STUDIO] 또또또 친구들 선캡_오댕,822,눈보호도 할겸 보라 썬캡이라 고급스러워 마음에 들어요 ,네****,2021-07-31 04:28:51,눈보호도 할겸 보라 썬캡이라 고급스러워 마음에 들어요(2021-07-30 14:47:27 에 등록된 네이버 페이 구매평)
,821,색감이너무예뻐요다음에또구매하러올께요ㅎㅎ ,네****,2021-07-31 03:41:25,색감이너무예뻐요@>@다음에또구매하러올께요ㅎㅎ(2021-07-30 12:07:17 에 등록된 네이버 페이 구매평)
,820,8kg비숑 넉넉하게 잘 맞아요입히기 편해요 색깔도 예뻐요그래서 두개나 삼 ,네****,2021-07-31 03:10:58,8kg비숑 넉넉하게 잘 맞아요@>@입히기 편해요 @>@색깔도 예뻐요@>@그래서 두개나 삼(2021-07-30 10:36:25 에 등록된 네이버 페이 구매평)
,819,8kg비숑 넉넉하게 맞아요시원해보이고 이뻐요입히기 편해요 ,네****,2021-07-31 03:10:57,8kg비숑 넉넉하게 맞아요@>@시원해보이고 이뻐요@>@입히기 편해요(2021-07-30 10:35:22 에 등록된 네이버 페이 구매평)
,818,8kg비숑 XL 딱 맞아요색깔 쨍하고 이뻐요마감도 깔끔 ,네****,2021-07-31 03:10:57,8kg비숑 XL 딱 맞아요@>@색깔 쨍하고 이뻐요@>@마감도 깔끔(2021-07-30 10:34:07 에 등록된 네이버 페이 구매평)
,817,아 진짜 너무 이쁜데.. 완전 이쁜데..사이즈가 너무 작아서 입혀볼수조차없어요..분명 사이즈표보고 주문... ,네****,2021-07-31 02:55:53,아 진짜 너무 이쁜데.. 완전 이쁜데..@>@사이즈가 너무 작아서 입혀볼수조차없어요..@>@분명 사이즈표보고 주문했는데.. 너무 서러워요@>@가둘이 고무줄넓이였나봐요.. 전 빵실한부분인줄알았는데..(2021-07-30 09:50:13 에 등록된 네이버 페이 구매평)
[ODD STUDIO] 또또또 친구들 선캡_누또,816,보통 ,네****,2021-07-28 06:23:08,썬캡이 이뻐요.. 그런데 잘 벗겨져서 아쉽네요..^^(2021-07-27 20:44:37 에 등록된 네이버 페이 구매평)
[ODD STUDIO] 또또또 친구들 선캡_해또,809,귀 홀 간격이 좀 좁긴한데...조임끈 조절하니 나름 괜찮아요ㅎ잘 씌울게요, 우리 애기의 눈은 소듕하니까... ,네****,2021-07-13 04:38:44,귀 홀 간격이 좀 좁긴한데...@>@조임끈 조절하니 나름 괜찮아요ㅎ@>@잘 씌울게요@/@ 우리 애기의 눈은 소듕하니까ㅎ(2021-07-12 16:25:51 에 등록된 네이버 페이 구매평)
[ODD STUDIO] 또또또 친구들 선캡_껴또,808,첫째쓰  애들은.왜 안쓸라고 하져 ㅋㅋ ,네****,2021-07-13 03:10:22,첫째쓰  애들은.왜 안쓸라고 하져 ㅋㅋ(2021-07-12 10:41:22 에 등록된 네이버 페이 구매평)
[ODD STUDIO] 또또또 친구들 선캡_누또,807,참귀여운데 안하려규하네요 ㅋㅋㅋ ,네****,2021-07-13 03:10:22,참귀여운데 안하려규하네요 ㅋㅋㅋ(2021-07-12 10:40:27 에 등록된 네이버 페이 구매평)
[ODD STUDIO] 시원쏘쿨 베스트_블루,806,만족 ,네****,2021-07-11 02:34:18,아직 사용전이지만 물 묻히고 입힐수있어서 최고!밖에 나갈때 넘 더울까봐 걱정했는데 잇템 인거같음(2021-07-10 01:12:41 에 등록된 네이버 페이 구매평)
[ODD STUDIO] 따또 인형 방수헤어밴드 (스누드),805,보통 ,네****,2021-07-11 02:34:18,얼굴 씻길때 쓸려고 구매했는데 물묻는거 자체가 싫어서 그런지 별로 좋아하지는 않더라구여@/@@/@(2021-07-10 01:12:02 에 등록된 네이버 페이 구매평)
[ODD STUDIO] 또또또 친구들 선캡_해또,804,배송빠르고 모자쓰니까 너무귀여워요 ㅋㅋ ,네****,2021-07-07 06:49:26,배송빠르고 모자쓰니까 너무귀여워요 ㅋㅋ(2021-07-06 22:52:14 에 등록된 네이버 페이 구매평)
[ODD STUDIO] 또또또 친구들 선캡_따또,803,모자 쒸우이 졸귀 ㅎㅎㅎ 아지매된 우리 갱쥐 햇빛차단보단 비 피하기위해 산모자라 완전 맘에 들어요 비올... ,네****,2021-07-05 03:38:05,모자 쒸우이 졸귀 ㅎㅎㅎ 아지매된 우리 갱쥐 햇빛차단보단 비 피하기위해 산모자라 완전 맘에 들어요 비올때 항상 눈을 못떠 요거 쓰고 나감 눈 뜨고 산책 잘할듯해요(2021-07-04 13:04:15 에 등록된 네이버 페이 구매평)
[ODD STUDIO] 또또또 친구들 선캡_따또,802,일단...너무 기여워요...졸귀..대박 귀여워요 ,네****,2021-07-02 02:39:44,일단...너무 기여워요...졸귀..대박 귀여워요(2021-07-01 06:01:25 에 등록된 네이버 페이 구매평)
[ODD STUDIO] 또또또 친구들 선캡_따또,801,만족 ,네****,2021-06-29 02:35:23,번창사레셔타앙 화이팅입니다(2021-06-28 01:28:47 에 등록된 네이버 페이 구매평)
,794,만족 ,네****,2021-06-23 04:13:18,폭신하고 이동가방 바닥면 사이즈에 딱 맞아서 좋아요(2021-06-22 12:41:44 에 등록된 네이버 페이 구매평)
[ODD STUDIO] 또또또 친구들 선캡_따또,793,보통 ,네****,2021-06-21 04:55:16,너무 귀여워요 ~~~(2021-06-20 18:16:47 에 등록된 네이버 페이 구매평)
[ODD STUDIO] 뉴 새콤달콤 민소매티-다이노(옐로우),792,여름에 입기 딱 좋은 면소재와 시원한 블루 나시 소재가 강아지한테 딱 안성맞춤이에요 블루소재 밑부분  고... ,네****,2021-06-21 04:16:23,여름에 입기 딱 좋은 면소재와 시원한 블루 나시 소재가 강아지한테 딱 안성맞춤이에요 블루소재 밑부분  고뮤줄이 조금 느슨햇으면 좋겟어요 꽉죄는듯해요(2021-06-20 16:33:22 에 등록된 네이버 페이 구매평)
[ODD STUDIO] 또또또 친구들 선캡_따또,791,아이가 귀털면 잘 벗겨져요ㅠ 눈 보호차원에서 샀는데 씌우는게 좀 힘드네요 ,네****,2021-06-20 15:20:51,아이가 귀털면 잘 벗겨져요ㅠ 눈 보호차원에서 샀는데 씌우는게 좀 힘드네요(2021-06-19 22:23:02 에 등록된 네이버 페이 구매평)
[ODD STUDIO] 또또또 친구들 선캡_껴또,790,귀엽긴 하지만 잘 벗겨지고 모자 씌울때 귀를 뺄때 좀 힘든감이 있네요 ,네****,2021-06-20 15:20:49,귀엽긴 하지만 잘 벗겨지고 모자 씌울때 귀를 뺄때 좀 힘든감이 있네요(2021-06-19 22:20:55 에 등록된 네이버 페이 구매평)
[ODD STUDIO] 또또또 친구들 선캡_오댕,789,귀여워요근데 자꾸 돌아가요 ㅜㅠ ,네****,2021-06-18 10:39:42,귀여워요@>@근데 자꾸 돌아가요 ㅜㅠ(2021-06-17 16:25:14 에 등록된 네이버 페이 구매평)
[ODD STUDIO]오댕 크롭 탱크탑,788,만족 ,네****,2021-06-18 05:46:49,4.6kg푸들인데 xl 사이즈 넉넉하게 입혀요. 이 제품 색깔별로 다 가지고 있어요. 여름에 입히기에 편하고 시원해요(2021-06-17 18:08:46 에 등록된 네이버 페이 구매평)
[ODD STUDIO] 또또또 친구들 선캡_따또,787,너무 귀여워요ㅠㅠ 주말에 여름휴가 가려고 장만함건데 그 전에 와서 다행이예요!!오래 쓰고있을거같지는 않... ,네****,2021-06-17 06:12:05,너무 귀여워요ㅠㅠ 주말에 여름휴가 가려고 장만함건데 그 전에 와서 다행이예요!!오래 쓰고있을거같지는 않지만 너무귀여워서 오열 ㅠㅠ이런 귀염템이 잇다니ㅠㅠ(2021-06-16 21:23:33 에 등록된 네이버 페이 구매평)
[ODD STUDIO] 또또또 친구들 선캡_오댕,786,예뻐요 보라색 영롱 우리 강쥐한테도 딱입니닷 ,네****,2021-06-17 02:30:53,예뻐요 보라색 영롱 우리 강쥐한테도 딱입니닷(2021-06-16 02:45:49 에 등록된 네이버 페이 구매평)
[ODD STUDIO] 또또또 친구들 선캡_따또,779,3kg  m사이즈 딱 맞아요~~! 챙도 생각보다 크고 넓어서 햇빛 잘 가려줄 거 같습니당 오래 기다렸지만 너무 ... ,네****,2021-06-13 05:15:12,3kg  m사이즈 딱 맞아요~~! 챙도 생각보다 크고 넓어서 햇빛 잘 가려줄 거 같습니당 오래 기다렸지만 너무 만족&hellip;너무 귀여워요 ㅋ쿠ㅜㅜ 깔별로 챙여두고 싶어요(2021-06-12 18:31:05 에 등록된 네이버 페이 구매평)
[ODD STUDIO] 또또또 친구들 선캡_따또,778,만족 ,네****,2021-06-13 04:59:17,대형시바 22키로 남자애에요ㅋㅋㅋ 너무구ㅣ여워서 망설여지는 디자인이었지만...막상씌워보니 잘어울리네요! 천도 시원하구 사이즈 딱이에요(2021-06-12 16:30:16 에 등록된 네이버 페이 구매평)
[ODD STUDIO] 또또또 친구들 선캡_해또,777,상품도 튼튼하고 사이즈도 딱 맞습니다.저희 강아지도 불편해 하지 않고 잘 산책했어요~! 좋은 물건 많이 ... ,네****,2021-06-12 05:09:44,상품도 튼튼하고 사이즈도 딱 맞습니다.@>@저희 강아지도 불편해 하지 않고 잘 산책했어요~! @>@좋은 물건 많이 파세요!(2021-06-11 17:39:43 에 등록된 네이버 페이 구매평)
[ODD STUDIO] 또또또 친구들 선캡_오댕,776,하이바때매 사이즈가 애매합니다,, L샀더니 좀 크고 헐렁거려서 M 샀는데 햇빛에 눈이 잘 가려질까 모르겠네... ,네****,2021-06-11 03:20:05,하이바때매 사이즈가 애매합니다@/@@/@ L샀더니 좀 크고 헐렁거려서 M 샀는데 햇빛에 눈이 잘 가려질까 모르겠네요 ㅠ 디자인이랑 깔은 너무 이쁩니다(2021-06-10 11:05:08 에 등록된 네이버 페이 구매평)
[BECO PETS] 비코푸드 샘플3종 set,775,비코펫츠 샘플 리뷰 ,호****,2021-06-10 13:25:52,다른 곳에선 샘플을 구할수없었는데 오드펫이 수입사라 여기서 잘 구매했어요멧돼지 못 받을 줄 알았는데 잘 받았어요 비코펫츠가 노견들 먹이기 좋은 사료라 (단백질@/@ 지방이 낮음) 샘플 구매해봤어요알갱이가 생각보다 많이 크긴 하지만 ㅜㅠ 항상 미온수에 물려주니 괜찮을거 같아요 아니면 가루로 뿌셔서 물에 불려주면 될거같네요근데 본품이 2kg 소포장 밖에 없어서 좀 아쉽네요 ㅜ 다견 가정은 중포나 대포가 있으면 좋은데나중에 중포 대포도 수입되면 좋겠어요 잘 먹이겠습니다 :D
[ODD STUDIO] 또또또 친구들 선캡_오댕,774,애가 엄청 싫어하네요 시력보호를 위해 산것이니 적응 시켜보려구요 ㅋ사이즈가 조금 작은 듯 하지만 귀여... ,네****,2021-06-10 04:44:40,애가 엄청 싫어하네요 @>@시력보호를 위해 산것이니 적응 시켜보려구요 ㅋ사이즈가 조금 작은 듯 하지만 귀여워요 !!(2021-06-09 16:41:05 에 등록된 네이버 페이 구매평)
[ODD STUDIO]  누또 크롭 탱크탑,773,만족 ,네****,2021-06-09 12:34:37,선물해준 친구두 항상(2021-06-08 22:55:46 에 등록된 네이버 페이 구매평)
[ODD STUDIO] 따또 크롭 탱크탑,772,만족 ,네****,2021-06-09 12:34:36,넘 깜찍 귀요버용(2021-06-08 22:55:24 에 등록된 네이버 페이 구매평)
[ODD STUDIO] 따또 인형 방수헤어밴드 (스누드),771,귀가 예민하고 물 살짝만 들어가도 바로 귓병나는 예민보스 퍼그입니다~목욕할때 샤워기 틀어주면 앉아서 ... ,네****,2021-06-08 05:27:13,귀가 예민하고 물 살짝만 들어가도 바로 귓병나는 예민보스 퍼그입니다~@>@목욕할때 샤워기 틀어주면 앉아서 물맞는걸 좋아해서 항상 이 코스를 생략할수가 없는데요 @>@하필 이놈이 목이버섯 귀에다가 목욕하면 귀를 뒤로 재끼는버릇이 있어서 물이 안들어 갈수가 없더라구요 ㅠㅠ 닦아준다고 닦아줘도.. 이미 안으로 흘러들어간 물은 귓병을 또 유발하고..@>@주사맞고 약먹고 귀청소 맨날하고 주인한테 삐지고.. 그래서 우리사이의 발전을 위해 검색하던 중요런 아이템이 있네요?! 당장 샀습니다 ㅎㅎㅎ 어제 첫 개시 했어요 진짜 위에 똥달린거 리뷰보면 호불호가 좀 있던데 ㅋㅋ 저는 똥 캐릭터 좋아해요ㅋㅋㅋ풉백도 똥모양입니다 @>@일단 동영상 보시면 알겠지만 요물입니당.. @>@세수시킬때 벗겨봤는데 완벽 방수입니다 너무 좋아요 ㅠ 쿵이가 좋아하는 샤워기도 오래 틀어줄수 있을꺼 같고 귓병 언능 나아서 싫어하는 주사랑 약 안먹이면 저한테 삐질 일도 없을꺼고 무튼 효자 템 입니당 !! 비올때도 우비랑 같이 잘 사용할게요 ❤️(2021-06-07 20:58:37 에 등록된 네이버 페이 구매평)
[ODD STUDIO] 또또또 친구들 선캡_오댕,764,만족 ,네****,2021-06-02 05:20:36,여름에 햇빛땜에 아이가 눈에 안좋을꺼같아서 구매했어여 모자를 잘쓰는 스타일이셔서ㅋㅋ(2021-06-01 16:06:32 에 등록된 네이버 페이 구매평)
[ODD STUDIO] 또또또 친구들 선캡_따또,763,요그루트 아줌마 ㅋ ,네****,2021-06-02 04:55:10,요그루트 아줌마 ㅋ(2021-06-01 16:48:50 에 등록된 네이버 페이 구매평)
[ODD STUDIO] 또또또 친구들 선캡_해또,762,귀여워영ㅋㅋㅋ 근데 잘 빠져서 문제에요 ,네****,2021-06-02 04:55:09,귀여워영ㅋㅋㅋ 근데 잘 빠져서 문제에요(2021-06-01 16:47:40 에 등록된 네이버 페이 구매평)
[ODD STUDIO] 또또또 친구들 선캡_누또,761,귀요움과 햇빛도 가려 울래기들 눈도 보호해요 ,네****,2021-05-31 05:30:24,귀요움과 햇빛도 가려 울래기들 눈도 보호해요(2021-05-30 23:02:10 에 등록된 네이버 페이 구매평)
[ODD STUDIO] 또또또 친구들 선캡_따또,760,귀엽고 너무 좋아요 ,네****,2021-05-31 05:30:22,귀엽고 너무 좋아요(2021-05-30 23:00:23 에 등록된 네이버 페이 구매평)
[ODD STUDIO] 또또또 친구들 선캡_따또,759,만족 ,네****,2021-05-29 03:17:48,조금 큰 듯 싶지만 엠싸이즈는 또 작을거같아요 얼굴에 그늘으 잘 집니다 좋아오(2021-05-28 09:29:22 에 등록된 네이버 페이 구매평)
[ODD STUDIO] 또또또 친구들 선캡_따또,758,우리 짱가에겐 조금 크지만 너무 귀여워요. 좀 잘 안휘어서 꽉묶어줘야 둥글게 휩니다. ㅎㅎㅎ ,네****,2021-05-29 02:54:35,우리 짱가에겐 조금 크지만 너무 귀여워요. 좀 잘 안휘어서 꽉묶어줘야 둥글게 휩니다. ㅎㅎㅎ(2021-05-28 09:48:00 에 등록된 네이버 페이 구매평)
[ODD STUDIO] 또또또 친구들 선캡_오댕,757,너무 귀여워요! 다만 아직은 싫어해서 잘 적응시켜 볼게요!! ,네****,2021-05-28 10:20:07,너무 귀여워요! 다만 아직은 싫어해서 잘 적응시켜 볼게요!!(2021-05-27 20:38:05 에 등록된 네이버 페이 구매평)
[ODD STUDIO] 또또또 친구들 선캡_누또,756,만족 ,네****,2021-05-25 06:25:31,사이즈잘 맞아요 말티즈5키로. 노랑이 품절되서 레드로 시켰는데 이뻐요(2021-05-24 20:06:04 에 등록된 네이버 페이 구매평)
[ODD STUDIO] 또또또 친구들 선캡_따또,749,너무너무너무너무 귀여워요 !!!!!!! ,네****,2021-05-15 03:34:21,너무너무너무너무 귀여워요 !!!!!!!(2021-05-14 11:30:34 에 등록된 네이버 페이 구매평)
[ODD STUDIO] 또또또 친구들 선캡_껴또,748,그냥 너무 귀야워요 ,네****,2021-05-14 06:16:29,그냥 너무 귀야워요(2021-05-13 21:46:27 에 등록된 네이버 페이 구매평)
[ODD STUDIO] 또또또 친구들 선캡_따또,747,만족 ,네****,2021-05-13 04:21:28,어무 기여운거 아니에요ㅠㅠ짱(2021-05-12 13:13:47 에 등록된 네이버 페이 구매평)
[ODD STUDIO] 껴또 크롭 탱크탑,746,옷 너무 귀욤 뽀짝 사이즈도 좋아용♥︎ ,네****,2021-05-12 07:09:08,옷 너무 귀욤 뽀짝 사이즈도 좋아용&hearts;︎(2021-05-11 23:55:33 에 등록된 네이버 페이 구매평)
[ODD STUDIO] 또또또 친구들 선캡_껴또,745,울 봄이가 자꾸 모자를 빼서 속상하지만 ㅠ 그래두 사진찍을때만 잠깐 껴도 너무 예뻐서 포기 할수 없는 패... ,네****,2021-05-12 07:09:07,울 봄이가 자꾸 모자를 빼서 속상하지만 ㅠ @>@그래두 사진찍을때만 잠깐 껴도 너무 예뻐서 포기 할수 없는 패션템입니당&hearts;︎(2021-05-11 23:54:43 에 등록된 네이버 페이 구매평)
[ODD STUDIO] 또또또 친구들 선캡_따또,744,너무예뻐요 ㅎㅎ 잘쓸께요 ㅎ ,네****,2021-05-12 07:09:06,너무예뻐요 ㅎㅎ 잘쓸께요 ㅎ(2021-05-11 23:44:14 에 등록된 네이버 페이 구매평)
[ODD STUDIO] 또또또 친구들 선캡_따또,743,보통 ,네****,2021-05-12 06:41:18,모자는 이쁜데 너무 잘빠지고 약해요 ㅠㅠ(2021-05-11 20:42:07 에 등록된 네이버 페이 구매평)
,742,그냥 재미삼아 구매했어요~ 한참 웃음 ㅋ ,네****,2021-05-12 05:28:40,그냥 재미삼아 구매했어요~ 한참 웃음 ㅋ(2021-05-11 19:05:01 에 등록된 네이버 페이 구매평)
[ODD STUDIO] 또또또 친구들 선캡_누또,741,너무너무 귀여워여! 여름에 잘 하고 다닐것 같아요! ,네****,2021-05-11 04:54:19,너무너무 귀여워여! 여름에 잘 하고 다닐것 같아요!(2021-05-10 17:18:27 에 등록된 네이버 페이 구매평)
,734,부드럽고 고급지네요 ,네****,2021-05-02 05:44:43,부드럽고 고급지네요(2021-05-01 18:06:36 에 등록된 네이버 페이 구매평)
[ODD STUDIO] 베이직 스트라이프 탱크탑 (옐로우),733,봄날 화사하니 넘 예쁘네요 ,네****,2021-05-02 05:44:42,봄날 화사하니 넘 예쁘네요(2021-05-01 18:05:39 에 등록된 네이버 페이 구매평)
[ODD STUDIO] 또또또 친구들 선캡_따또,732,처음 사용해본 썬캡~~~ 이렇게 적응을 잘 할줄이야 컬러도 너무 이뻐요 ,네****,2021-05-01 02:19:28,처음 사용해본 썬캡~~~ 이렇게 적응을 잘 할줄이야 컬러도 너무 이뻐요(2021-04-30 00:37:13 에 등록된 네이버 페이 구매평)
[ODD STUDIO] 또또또 친구들 선캡_해또,731,킹예뻐요!! ,희****,2021-04-25 17:07:51,핑크없어서파랑산게젤후회되서 다시 살거에요ㅎㅎ그만큼 너무좋아요강아지도 싫어하지않아요^^
[ODD STUDIO] 또또또 친구들 선캡_따또,730,너무 귀엽고  잘 쓰고다녀요  지나가는사람들도어디서샀냐고  물어보네요 ㅎㅎㅎ ,네****,2021-04-24 04:40:46,너무 귀엽고  잘 쓰고다녀요  지나가는사람들도어디서샀냐고  물어보네요 ㅎㅎㅎ(2021-04-23 15:50:40 에 등록된 네이버 페이 구매평)
[ODD STUDIO] 데이지 셔링 크롭 원피스 (옐로우),729,만족 ,네****,2021-04-23 05:37:50,배송도 빠르고 너무 예뻐요(2021-04-22 18:55:46 에 등록된 네이버 페이 구매평)
[ODD STUDIO] 또또또 친구들 선캡_따또,728,넘 귀여워요. 여름에 잘쓸거 같아요 ,네****,2021-04-21 02:35:18,넘 귀여워요. 여름에 잘쓸거 같아요(2021-04-20 08:33:57 에 등록된 네이버 페이 구매평)
,727,강아지 태우고 자전거 자주 타는 편인데 요즘 햇빛이 너무 따갑다보니 강아지가 눈을 찌뿌리거나 눈물 자주 ... ,네****,2021-04-20 03:30:11,강아지 태우고 자전거 자주 타는 편인데 요즘 햇빛이 너무 따갑다보니 강아지가 눈을 찌뿌리거나 눈물 자주 흘리더라구요. 그래서 썬캡하나 사줘야겠다 생각하고 찾아 보다가 구매하게  제품입니다! ㅎㅎ @>@구매전 눈을 다 커버하지 못하면 어쩌지라는 걱정을 하면서 구매했는데 웬걸 챙 길이도 적당하고 딱 좋네요 ~무엇보다 가벼워서 강아지가 엄청 불편해 하지 않은 거 같아요 ㅎㅎ 다만 모자 부분 좀 큰거 같긴 한데 그래서 햇빛 커버가 더 잘되는가 같아서 만족이예요~(2021-04-19 10:58:09 에 등록된 네이버 페이 구매평)
,726,색 고민하다가 노랑이로 했는데 너무 귀여워요 ㅠㅠ 저희애가  보통 산책 할때 귀가 옆쪽으로 쫑긋해서 자... ,네****,2021-04-18 05:09:35,색 고민하다가 노랑이로 했는데 너무 귀여워요 ㅠㅠ @>@저희애가  보통 산책 할때 귀가 옆쪽으로 쫑긋해서 자꾸 모자가 밀려서 공간을 어떻게 만들어줘야 하나 고민중이에요  우선 모자 너무 귀여워요!!!(2021-04-17 17:05:09 에 등록된 네이버 페이 구매평)
[ODD STUDIO] 뉴 데일리 베베 티셔츠 - 테디베어(블루)(S-XL),719,만족 ,네****,2021-03-22 04:53:54,실내복으로 입으려고 구매했어요 비숑8키로인데 딱 맞아요(2021-03-21 17:54:38 에 등록된 네이버 페이 구매평)
[ODD STUDIO] 뉴 데일리 베베 티셔츠 - 당근토끼(아이보리)(S-XXL),718,만족 ,네****,2021-03-22 04:53:53,귀여워요 당근당근 이쁘네요(2021-03-21 17:54:15 에 등록된 네이버 페이 구매평)
[ODD STUDIO] 누또 노즈워크 장난감,717,만족 ,네****,2021-03-18 09:18:51,잘가지고 놀아요 감사해용(2021-03-17 13:40:24 에 등록된 네이버 페이 구매평)
[ODD STUDIO] 뉴 데일리 베베 티셔츠 - 테디베어(핑크)(S-XL),716,사이즈도 잘맞고 넘 귀여워요! ,네****,2021-03-15 03:38:46,사이즈도 잘맞고 넘 귀여워요!(2021-03-14 12:53:38 에 등록된 네이버 페이 구매평)
[ODD STUDIO] 뉴 데일리 베베 티셔츠 - 스마일트리(아이보리)(S-XXL),715,내복스타일 넘 귀엽습니당 ㅎ 보들보들하고 아주 좋아요 ㅎ 다른 모양도 사고 싶어요 ,네****,2021-03-11 02:17:42,내복스타일 넘 귀엽습니당 ㅎ 보들보들하고 아주 좋아요 ㅎ 다른 모양도 사고 싶어요(2021-03-10 00:26:06 에 등록된 네이버 페이 구매평)
[ODD STUDIO] 따또 크롭 탱크탑,714,보통 ,네****,2021-03-10 05:43:42,아롯이가 만족하네요(2021-03-09 18:39:53 에 등록된 네이버 페이 구매평)
[ODD STUDIO] 또또또 친구들 선캡_따또,713,보통 ,네****,2021-03-10 05:43:42,만족하네요 아롱이가(2021-03-09 18:38:41 에 등록된 네이버 페이 구매평)
[ODD STUDIO] 뉴 데일리 베베 티셔츠 - 테디베어(핑크)(S-XL),712,봄이라 핑크로 주문했어요~~~너무 이뻐요!!! ,네****,2021-03-10 04:28:46,봄이라 핑크로 주문했어요~~~@>@너무 이뻐요!!!(2021-03-09 16:17:41 에 등록된 네이버 페이 구매평)
,711,너무 예뻐요! ,j****,2021-03-09 16:23:04,봄이라 핑크로 구매했어요!꺅!!! 너무 이쁩니다~~~입혀 산책하는데 이쁘다고 난리네요~~ ㅎㅎ
,704,보는 사람마다 옷 너무 이쁘다고 잘 샀다고 폭풍칭찬 받았어용 ㅠㅡㅜ ㅎㅎ 재주문 할거예요 ,네****,2021-03-07 10:26:17,보는 사람마다 옷 너무 이쁘다고 잘 샀다고 폭풍칭찬 받았어용 ㅠㅡㅜ ㅎㅎ 재주문 할거예요(2021-03-06 15:00:43 에 등록된 네이버 페이 구매평)
,703,머리둘레는 M사이즈도 맞을것 같은데 중형견이고 해서 L로 샀어요~ 씌워보니 적당히 잘 맞는것 같아요 조금 ... ,네****,2021-03-04 11:23:02,머리둘레는 M사이즈도 맞을것 같은데 중형견이고 해서 L로 샀어요~ 씌워보니 적당히 잘 맞는것 같아요 조금 큰게 아닌가 했는데... 햇빛 가릴려면 이정도는 되야 한다고 해서 교환없이 사용 하려구요^^ 너무 귀엽네요ㅎㅎ(2021-03-03 23:55:13 에 등록된 네이버 페이 구매평)
[ODD STUDIO]울트라 초경량 양면 패딩 자켓& 베스트(웜그레이&피치코랄)❤사업자회원전용 아이템❤,702,무게 경량이라 댕댕이두 안부담스러워용 ㅎㅎ 그리고 색감이정말 이뻐요!! 글자부분이 살짝 빛나서 더 존예 ... ,네****,2021-02-27 11:07:52,무게 경량이라 댕댕이두 안부담스러워용 ㅎㅎ 그리고 색감이정말 이뻐요!! 글자부분이 살짝 빛나서 더 존예 ㅎㅎ 하네스끈 빼는 구멍있어서 편하구 지퍼도 위에서 아래로 내리게 되있어서 이점 매우 맘에듭니다  !!(2021-02-26 23:51:02 에 등록된 네이버 페이 구매평)
[ODD STUDIO] 뉴 데일리 베베 티셔츠 - 몽호두(핑크)(S-XL),701,만족 ,네****,2021-02-27 07:36:48,귀여워요(2021-02-26 07:56:57 에 등록된 네이버 페이 구매평)
[ODD STUDIO] 뉴 데일리 베베 티셔츠 - 몽호두(블루)(S-XL),700,만족 ,네****,2021-02-27 07:36:48,만족(2021-02-26 07:56:30 에 등록된 네이버 페이 구매평)
[ODD STUDIO] 뉴 데일리 베베 티셔츠 - 당근토끼(핑크)(S-XXL),699,만족 ,네****,2021-02-27 07:36:48,예뻐요(2021-02-26 07:56:14 에 등록된 네이버 페이 구매평)
[ODD STUDIO] 뉴 데일리 베베 티셔츠 - 초코베어(블루)(S-XL),698,만족 ,네****,2021-02-24 09:22:16,애기가 너무 편해하고 너무귀여워요 ㅋㅋㅋ 또 사고 싶어요(2021-02-23 11:43:17 에 등록된 네이버 페이 구매평)
[ODD STUDIO] 또또또 친구들 선캡_누또,697,후기 [1],골****,2021-02-23 17:14:21,추천받아서 구매했어요근데 캡이 찍힌것처럼 왔더라구요다음부터 잘 확인하고 보내주세요
[ODD STUDIO] 뉴 데일리 베베 티셔츠 - 몽호두(핑크)(S-XL),696,만족 ,네****,2021-02-20 07:15:38,귀여워요 막입히기좋을듯(2021-02-19 23:07:56 에 등록된 네이버 페이 구매평)
[ODD STUDIO] 데일리 베베 티셔츠 - 베어(아이보리)❤사업자회원전용 아이템❤,689,너무귀엽긴 한데... 신축성이 좋아서 금방 헤벌레 해질듯 ㅠㅠ ,네****,2021-02-10 03:27:11,너무귀엽긴 한데... 신축성이 좋아서 금방 헤벌레 해질듯 ㅠㅠ(2021-02-09 12:57:27 에 등록된 네이버 페이 구매평)
,688,옷 진짜 너어무 이뻐요 패딩은 선물줬는데 저희애 사이즈가 없어서 못산게 너무 아깝네요ㅠㅠ상품너무만족합... ,네****,2021-02-05 09:20:09,옷 진짜 너어무 이뻐요 패딩은 선물줬는데 저희애 사이즈가 없어서 못산게 너무 아깝네요ㅠㅠ상품너무만족합니다(2021-02-04 12:51:15 에 등록된 네이버 페이 구매평)
[ODD STUDIO] 누또 인형 방수헤어밴드 (스누드),687,옷 진짜 너어무 이뻐요 패딩은 선물줬는데 저희애 사이즈가 없어서 못산게 너무 아깝네요ㅠㅠ상품너무만족합... ,네****,2021-02-05 09:20:08,옷 진짜 너어무 이뻐요 패딩은 선물줬는데 저희애 사이즈가 없어서 못산게 너무 아깝네요ㅠㅠ상품너무만족합니다(2021-02-04 12:48:12 에 등록된 네이버 페이 구매평)
,686,옷 진짜 너어무 이뻐요 패딩은 선물줬는데 저희애 사이즈가 없어서 못산게 너무 아깝네요ㅠㅠ상품너무만족합... ,네****,2021-02-05 09:20:07,옷 진짜 너어무 이뻐요 패딩은 선물줬는데 저희애 사이즈가 없어서 못산게 너무 아깝네요ㅠㅠ상품너무만족합니다(2021-02-04 12:47:27 에 등록된 네이버 페이 구매평)
,685,옷 진짜 너어무 이뻐요 패딩은 선물줬는데 저희애 사이즈가 없어서 못산게 너무 아깝네요ㅠㅠ상품너무만족합... ,네****,2021-02-05 09:20:06,옷 진짜 너어무 이뻐요 패딩은 선물줬는데 저희애 사이즈가 없어서 못산게 너무 아깝네요ㅠㅠ상품너무만족합니다(2021-02-04 12:47:04 에 등록된 네이버 페이 구매평)
[ODD STUDIO] 누또 인형 방수헤어밴드 (스누드),684,아직 사용전이지만 너무너무 기여워용우리 강아지가 쓰면 너무 기여울거 같아용 ,네****,2021-02-05 09:07:53,아직 사용전이지만 너무너무 기여워용@>@우리 강아지가 쓰면 너무 기여울거 같아용(2021-02-04 11:53:56 에 등록된 네이버 페이 구매평)
,683,옷 진짜 너어무 이뻐요 패딩은 선물줬는데 저희애 사이즈가 없어서 못산게 너무 아깝네요ㅠㅠ상품너무만족합... ,네****,2021-02-05 08:53:08,옷 진짜 너어무 이뻐요 패딩은 선물줬는데 저희애 사이즈가 없어서 못산게 너무 아깝네요ㅠㅠ상품너무만족합니다(2021-02-04 10:55:21 에 등록된 네이버 페이 구매평)
,682,옷 진짜 너어무 이뻐요 패딩은 선물줬는데 저희애 사이즈가 없어서 못산게 너무 아깝네요ㅠㅠ상품너무만족합... ,네****,2021-02-05 08:53:07,옷 진짜 너어무 이뻐요 패딩은 선물줬는데 저희애 사이즈가 없어서 못산게 너무 아깝네요ㅠㅠ상품너무만족합니다(2021-02-04 10:51:52 에 등록된 네이버 페이 구매평)
[ODD STUDIO] 껴또 인형 방수헤어밴드 (스누드),681,입 아래 털이 많이 자라 물 마실때 묻어서 사줬어요근데 너무 싫어하네요ㅜ 자꾸빼요ㅜ ,네****,2021-02-01 05:31:49,입 아래 털이 많이 자라 물 마실때 묻어서 사줬어요@>@근데 너무 싫어하네요ㅜ 자꾸빼요ㅜ(2021-01-31 22:49:49 에 등록된 네이버 페이 구매평)
,674,인스타 광고보고 세일가로 저렴하게 구매했는데 디자인도 예쁘고 기모도 빵빵한데 옷 질도 좋아요!!저희집 ... ,네****,2021-01-28 06:47:03,인스타 광고보고 세일가로 저렴하게 구매했는데 디자인도 예쁘고 기모도 빵빵한데 옷 질도 좋아요!!@>@저희집 방구쟁이랑 쉬야쟁이한테 완전 딱이예요ㅋㅋ@>@3.4kg@/@ 3kg 단모치와와인데 M사이즈 딱 좋게 잘맞아요!(2021-01-27 23:21:03 에 등록된 네이버 페이 구매평)
,673,껴또 노랑이들 왔어요💛 ,이****,2021-01-24 11:39:57,제가 노랑색을 너무 좋아해서 사게 됐는데 진짜 삐약유치원 병아리반같아욬ㅋㅋㅋ큐ㅠㅠ 너무귀여워요ㅠㅠ 예쁜 옷과 모자 넘 감사합니다🤍
[ODD STUDIO]울트라 초경량 양면 패딩 자켓& 베스트(웜그레이&피치코랄)❤사업자회원전용 아이템❤,672,정말 초경량이라 무게가 안느껴지네요 ㅋㅋㅋ 댕댕이 등길이 맞추느라고 라지 샀더니 등까지 따숩게 잘입을... ,네****,2021-01-23 04:08:23,정말 초경량이라 무게가 안느껴지네요 ㅋㅋㅋ 댕댕이 등길이 맞추느라고 라지 샀더니 등까지 따숩게 잘입을거같아용 폼은 좀 많이 크지만 ㅎㅎ 입고 위에 가슴줄 매니까 괜찮더라구요 색깔도 예쁘게 뽑힌거 같아서 만족합니당(2021-01-22 14:48:39 에 등록된 네이버 페이 구매평)
[ODD STUDIO]울트라 초경량 양면 패딩 자켓&베스트(파스텔민트&오렌지)❤사업자회원전용 아이템❤,671,우리 강아지한테는 팔이 너무 짧고 뭥가 애매한데 옷은 귀여워요 ,네****,2021-01-23 04:08:22,우리 강아지한테는 팔이 너무 짧고 뭥가 애매한데 옷은 귀여워요(2021-01-22 14:26:48 에 등록된 네이버 페이 구매평)
,670,너무 이뻐요~^^ ,김****,2021-01-23 04:08:22,우리 강아지한테는 팔이 너무 짧고 뭥가 애매한데 옷은 귀여워요(2021-01-22 14:26:48 에 등록된 네이버 페이 구매평)
[ODD STUDIO]울트라 초경량 양면 패딩 자켓& 베스트(웜그레이&피치코랄)❤사업자회원전용 아이템❤,669,보통 ,네****,2021-01-20 07:18:42,사이즈도 맞고 예쁘고 가벼운데 목부분으로 충전재가@>@좀빠지네요. . .ㅠ(2021-01-19 23:46:17 에 등록된 네이버 페이 구매평)
[ODD STUDIO]울트라 초경량 양면 패딩 자켓& 베스트(웜그레이&피치코랄)❤사업자회원전용 아이템❤,668,이쁘네요  가볍고  편해서 자주입혀요 ,네****,2021-01-20 05:23:40,이쁘네요  가볍고  편해서 자주입혀요(2021-01-19 18:39:22 에 등록된 네이버 페이 구매평)
,667,친구네 강아지 선물해줬는데 너무 좋아했어요ㅎㅎ 하루종일 제가 준 장난감만 갖고 노니까 너무 뿌듯,,❤️ ... ,네****,2021-01-18 04:58:54,친구네 강아지 선물해줬는데 너무 좋아했어요ㅎㅎ 하루종일 제가 준 장난감만 갖고 노니까 너무 뿌듯@/@@/@❤️ 새해선물로 사준건데 다음에 장난감 또 사줘야겠어요 ✨(2021-01-17 18:00:59 에 등록된 네이버 페이 구매평)
[ODD STUDIO]울트라 초경량 양면 패딩 자켓& 베스트(웜그레이&피치코랄)❤사업자회원전용 아이템❤,666,포기할 수 없는 색상들 ,네****,2021-01-17 05:54:38,포기할 수 없는 색상들(2021-01-16 18:25:21 에 등록된 네이버 페이 구매평)
,659,재고 문의드립니다 ,김****,2021-01-17 05:54:38,포기할 수 없는 색상들(2021-01-16 18:25:21 에 등록된 네이버 페이 구매평)
,658,고급지고 퍼가 있어 따뜻해요 ,네****,2021-01-08 11:35:07,고급지고 퍼가 있어 따뜻해요(2021-01-07 19:08:16 에 등록된 네이버 페이 구매평)
,657,만족 ,네****,2021-01-07 06:03:48,배송도 빠르고 넘 귀여워요(2021-01-06 17:58:13 에 등록된 네이버 페이 구매평)
,656,만족 ,네****,2021-01-07 06:03:48,이 가격에 고퀄리티 패딩을 사다니 완전 득템했어요(2021-01-06 17:57:50 에 등록된 네이버 페이 구매평)
,655,만족 ,네****,2021-01-07 03:48:58,인친꺼 써본 후론 여기꺼만 사용중@>@가격대비 최고임(2021-01-06 10:40:27 에 등록된 네이버 페이 구매평)
,654,보통 ,c****,2021-01-06 20:49:34,새상품 아닌것 같이 뭐가 뭍어 있어요마감 처리도 깔끔하지 않았구요
,653,만족 ,네****,2021-01-06 03:58:56,너무귀여워요 만족해요(2021-01-05 12:27:04 에 등록된 네이버 페이 구매평)
[ODD STUDIO]울트라 초경량 양면 패딩자켓&베스트(아이보리&라벤더)❤사업자회원전용 아이템❤,652,만족 ,네****,2021-01-06 02:43:44,사이즈 정사이쥬고 색감너무 예뻐요 !! 양면이라 더더욱 좋아요(2021-01-05 03:49:19 에 등록된 네이버 페이 구매평)
[ODD STUDIO]울트라 초경량 양면 패딩 자켓&베스트(파스텔민트&오렌지)❤사업자회원전용 아이템❤,651,만족 ,네****,2021-01-06 02:43:43,사이즈 정사이쥬고 색감너무 예뻐요 !! 양면이라 더더욱 좋아요(2021-01-05 03:49:02 에 등록된 네이버 페이 구매평)
[ODD STUDIO] 껴또 인형 방수헤어밴드 (스누드),644,추위나   바람   눈또는  비오는날 쓰려고 구매함   다좋은데 끝처리가 좀 실밥이 다 나옴 ,네****,2021-01-01 02:12:51,추위나   바람   눈또는  비오는날 쓰려고 구매함   다좋은데 끝처리가 좀 실밥이 다 나옴(2020-12-31 00:06:45 에 등록된 네이버 페이 구매평)
[ODD STUDIO] 해또 인형 방수헤어밴드 (스누드),643,만족 ,네****,2020-12-31 07:29:21,만족 너무이뻐용ㅎㅎ(2020-12-30 23:41:34 에 등록된 네이버 페이 구매평)
,642,완전 귀여워요♡ 안감이 부드러운게 특히 마음에 듭니다~ 즤집아이 몸무게 3.4kg이고 평소 m사이즈 입어요. ... ,네****,2020-12-29 05:18:34,완전 귀여워요♡ 안감이 부드러운게 특히 마음에 듭니다~ 즤집아이 몸무게 3.4kg이고 평소 m사이즈 입어요. M사이즈 입히니 약간 낙낙하게 맞아요♡ 예쁩니다♡ 잘 입히겠습니다~ 감사합니다!(2020-12-28 21:14:35 에 등록된 네이버 페이 구매평)
,641,노견이라 구매했어요잘 사용중입니다 ,네****,2020-12-29 04:17:37,노견이라 구매했어요@>@잘 사용중입니다(2020-12-28 16:36:12 에 등록된 네이버 페이 구매평)
,640,따뜻하고 예뻐요. ,김****,2020-12-28 17:40:48,입고 산책 나갔는데 따뜻하고 예쁘게 잘 어울려요.5kg 비숑인데 L사이즈도 꼭 맞고 활동도 편안해서 만족해요.
,639,넘모 기여워요! 럭키박스 덕분에 저렴하게 여러가지 아이템 한번에 구매할수 있었어요 :) ,네****,2020-12-28 04:01:54,넘모 기여워요! 럭키박스 덕분에 저렴하게 여러가지 아이템 한번에 구매할수 있었어요 :)(2020-12-27 14:43:19 에 등록된 네이버 페이 구매평)
,638,사이즈도 딱 맞고 따뜻하고 예쁘게 입힐 수 있어요 ,네****,2020-12-27 05:56:32,사이즈도 딱 맞고 따뜻하고 예쁘게 입힐 수 있어요(2020-12-26 19:47:43 에 등록된 네이버 페이 구매평)
,637,7.10kg/XL뚱뚱ㅇㅣ 푸들 입니당 미듐사이즈로 구매했는데 사이즈 딱 좋아용 ㅎㅎ귀 끼우는 부분도 넓어서 ... ,네****,2020-12-25 06:45:43,7.10kg/XL뚱뚱ㅇㅣ 푸들 입니당 미듐사이즈로 구매했는데 사이즈 딱 좋아용 ㅎㅎ귀 끼우는 부분도 넓어서 귀넓은 댕댕이들한테도 딱이네용~~ 시골할머니느낌이 납니다...ㅋㅋㅋ(2020-12-24 23:16:00 에 등록된 네이버 페이 구매평)
,636,귀여워요. 저렴하게 잘 샀어요. ,네****,2020-12-25 04:39:44,귀여워요. 저렴하게 잘 샀어요.(2020-12-24 15:44:22 에 등록된 네이버 페이 구매평)
,629,아쉽게도 저희 반려견에게는 작네요 ㅠㅠ ,네****,2020-12-19 02:26:02,아쉽게도 저희 반려견에게는 작네요 ㅠㅠ(2020-12-18 01:25:46 에 등록된 네이버 페이 구매평)
[ODD STUDIO] 또또또 친구들 선캡_따또,628,너무 귀엽고 가성비 짱 좋아요!!조곰 큰거 같긴하지만 줄로 꽉 묶으면 괜찮아용!너무 이뻐용! 색감도 이뻐... ,네****,2020-12-15 06:02:01,너무 귀엽고 가성비 짱 좋아요!!@>@조곰 큰거 같긴하지만 줄로 꽉 묶으면 괜찮아용!@>@너무 이뻐용! 색감도 이뻐요 추천입니다(2020-12-14 22:14:44 에 등록된 네이버 페이 구매평)
,627,아주 찰떡이예요:)다들 녹즙을 판매할것같다고는 하지만 알고보면 사랑을 나눔하는 사랑둥이랍니당 ,네****,2020-12-15 03:17:51,아주 찰떡이예요:)@>@다들 녹즙을 판매할것같다고는 하지만 알고보면 사랑을 나눔하는 사랑둥이랍니당(2020-12-14 11:38:13 에 등록된 네이버 페이 구매평)
,626,넘 귀여워요~~ ,강****,2020-12-14 11:21:50,씌우면 넘 귀여워요~~첨엔 낯설어서 그런가 고장났었는데 점점 나아지고 있어요
[ODD STUDIO]  누또 크롭 탱크탑,625,필수템 ,임****,2020-12-13 14:41:50,요즘 인싸댕 이라면 하나씩은 꼭 갖고있는 아이템입니다.
,624,예쁜 티파니컬러 ,임****,2020-12-13 14:36:06,너무나 예쁜 티파니컬러에 퀄리티 또한 티파니급입니다.따뜻함은 기본.. 귀여움 업 되는 티셔츠입니다.
,623,이쁘게 잘 입힐게요~~ ,네****,2020-12-12 04:41:51,이쁘게 잘 입힐게요~~(2020-12-11 15:54:22 에 등록된 네이버 페이 구매평)
[ODD STUDIO] 데일리 베베 티셔츠 - 베어(옐로우)❤사업자회원전용 아이템❤,622,사이즈 좀여유있게 나왓어요귀여워요 ,네****,2020-12-11 06:17:55,사이즈 좀여유있게 나왓어요@>@귀여워요(2020-12-10 21:16:09 에 등록된 네이버 페이 구매평)
[ODD STUDIO] 데일리 베베 티셔츠 - 베어(아이보리)❤사업자회원전용 아이템❤,621,사이즈가 좀 크게나왔어요!!귀여워요 ,네****,2020-12-11 06:17:54,사이즈가 좀 크게나왔어요!!@>@귀여워요(2020-12-10 21:15:14 에 등록된 네이버 페이 구매평)
,614,사이즈가 약간 크지만 이쁘고 따뜻해서 조아요 ,네****,2020-12-07 02:18:41,사이즈가 약간 크지만 이쁘고 따뜻해서 조아요(2020-12-06 00:47:17 에 등록된 네이버 페이 구매평)
[ODD STUDIO] 또또또 친구들 선캡_누또,613,귀야워요야구르트아줌마되고좋아요가격도 저렴하게 구매해서 좋아요 ,네****,2020-12-05 06:33:28,귀야워요@>@야구르트아줌마되고좋아요@>@가격도 저렴하게 구매해서 좋아요(2020-12-04 22:55:31 에 등록된 네이버 페이 구매평)
,612,찰떡! ,J****,2020-12-03 19:04:07,우리 쪼맹이는 눈부셔서 맨날 실눈뜨는데 @>@이젠 썬캡으로 눈도 보호하고@>@이쁨이 더 배가 될것 같아요~
,611,보통 ,네****,2020-12-03 03:09:39,스몰 사이즈 나와서 너무 좋아요!@>@배송도 빠르고 너무 귀여워요(2020-12-02 09:10:45 에 등록된 네이버 페이 구매평)
[ODD STUDIO] 따또 크레용 크롭 맨투맨 티셔츠(옐로우),610,만족 ,네****,2020-12-02 05:26:04,미듐이 애기한테 꽉 끼네용 다른옷은 괜찮은데ㅠ(2020-12-01 18:37:33 에 등록된 네이버 페이 구매평)
,609,만족 ,네****,2020-12-02 05:26:04,도톰하고 이쁩니다 잘입힐께용(2020-12-01 18:37:07 에 등록된 네이버 페이 구매평)
,608,만족 ,네****,2020-12-02 05:26:04,도톰하고 이쁩니다 잘입힐께용♡(2020-12-01 18:36:49 에 등록된 네이버 페이 구매평)
,607,말티 3.9키로 통통이체형 안에 옷입고 걸치면 단추2개 안잠기고 안에 아무거도 없이 패딩만입으면 잘맞아요!... ,네****,2020-12-02 03:35:42,말티 3.9키로 통통이체형 안에 옷입고 걸치면 단추2개 안잠기고 안에 아무거도 없이 패딩만입으면 잘맞아요! @>@패딩모자 네이비색깔이 있어서 세트느낌으로 모자와 같은재질의 패딩 하나 구입해야겟다 싶어 찾다 세일까지 하고있는 비슷한 패딩 발견! 바로구입했습니다ㅎㅎ@>@받자마자 열었는데 패딩보다 큰 오리장난감이 두둥ㅋㅋ 완전 좋아하네요 사진찍는다고 들고 있으니 달라고 왈왈 ㅎㅎ 장난감 감사합니다~~(2020-12-01 13:45:33 에 등록된 네이버 페이 구매평)
[ODD STUDIO] 또또또 친구들 선캡_따또,606,너무 귀여워요><아가한테 살짝 큰데 그래도 넘나 귀엽네여 ,네****,2020-12-02 03:35:41,너무 귀여워요&gt;&lt;아가한테 살짝 큰데 그래도 넘나 귀엽네여(2020-12-01 13:22:55 에 등록된 네이버 페이 구매평)
,599,집에 썬캡이 여러개 있는데 모자챙이 좁아서 불편했어요. 여기서 산 썬캡은 챙도 넓고 자외선 차단이 되는거... ,네****,2020-11-28 04:19:16,집에 썬캡이 여러개 있는데 모자챙이 좁아서 불편했어요. 여기서 산 썬캡은 챙도 넓고 자외선 차단이 되는거라 참 좋네요.@>@@>@블로그에 후기 올렸어요.@>@@>@https://blog.naver.com/chyiyu/222155698252@>@@>@https://blog.naver.com/chyiyu/222156176451(2020-11-27 15:51:26 에 등록된 네이버 페이 구매평)
,598,하 너무 예뻐요 ,김****,2020-11-27 23:00:58,너무 예뿐데 한번 터니까 빠져요 하지만 정말 예뻐요 ㅠㅠ@>@그리고 똥츄랑 장난감 감사합니다 .. !! 또 구매할게요 ❤️❤️
,597,처음 구매하는데 선물을 너무 많이주셔서감사합니다 ! 빨리 우리 강아지한테 착용해 보고 싶어용 ,네****,2020-11-27 02:34:52,처음 구매하는데 선물을 너무 많이주셔서@>@감사합니다 ! 빨리 우리 강아지한테 착용해 보고 싶어용(2020-11-26 07:05:47 에 등록된 네이버 페이 구매평)
,596,배송도 빠르고 포장도 깔끔하고사은품 선물을 너무 많이 주셔서 감동 입니다자주자주 이용 할게용 ,네****,2020-11-27 02:34:51,배송도 빠르고 포장도 깔끔하고@>@사은품 선물을 너무 많이 주셔서 감동 입니다@>@자주자주 이용 할게용(2020-11-26 07:04:50 에 등록된 네이버 페이 구매평)
,595,진짜가 나타났다 ,6****,2020-11-25 06:29:01,너무 귀여워서 보고 있다 세일할때 바로 득템 썬캡 이거 뭐에요? 넘귀엽잖아요 그리고 애기가 불편해하지도 않고 손한번 안되더라구요 너무 귀여워 깨물번 했네요 셋뚜로 저렴하게 구입하고 앙증맞은 쿨배개까지 안그래도 아직도 쿨매트에서 자는 우리앙꼬 배개생겨 너무 좋아요^^
[ODD STUDIO] 따또 크레용 크롭 맨투맨 티셔츠(옐로우),594,찐으로 ,6****,2020-11-25 06:22:15,정말찐으로 귀여운데 사이즈 미스 제가 왜그랬을까요 ㅜㅜ  다시 주문하고 싶다 ㅜㅜ 3킬로 쬐금 넘는데 미듐 딱맞고  우리애기 살짝쿵 요롱이라 길이 짧네요 ㅜㅜ 미얀해 앙꼬 ㅜㅜ  길이 잘참고 하셔서 주문주세요 너무 이뻐요 ^^
[ODD STUDIO] 따또 크레용 크롭 맨투맨 티셔츠(옐로우),593,만족 ,네****,2020-11-25 05:45:55,모자랑 같이사서 입혔는데... 깜찍하네요(2020-11-24 18:17:12 에 등록된 네이버 페이 구매평)
,592,만족 ,네****,2020-11-25 05:45:55,너무이뻐요~~~@>@근데.@/@입혀놓음 저만 좋아해요(2020-11-24 18:16:39 에 등록된 네이버 페이 구매평)
[ODD STUDIO] 껴또 크레용 크롭 맨투맨 티셔츠(그린),591,6.5키로 정도인데사이즈도 딱이고 너무 귀여워요❤️ ,네****,2020-11-20 03:44:06,6.5키로 정도인데@>@사이즈도 딱이고 너무 귀여워요❤️(2020-11-19 13:19:42 에 등록된 네이버 페이 구매평)
,584,너무귀여워요  지인들이랑 맞춰입힐생각에 넘 설레네요 ,네****,2020-11-11 06:31:00,너무귀여워요  지인들이랑 맞춰입힐생각에 넘 설레네요(2020-11-10 23:17:17 에 등록된 네이버 페이 구매평)
,583,저희아이는 등길이 40인데요 많이 마른 7키로 믹스견이에요배가 많이 헐렁해서 쉬할때 묻을 것 같지만 아... ,네****,2020-11-10 04:38:03,저희아이는 등길이 40인데요 @>@많이 마른 7키로 믹스견이에요@>@배가 많이 헐렁해서 쉬할때 묻을 것 같지만 아슬아슬하게 안묻히고 잘 입히고 있어요@>@신축성도 좋아요!(2020-11-09 17:07:49 에 등록된 네이버 페이 구매평)
,582,저렴한데 이뿌기까지해요~♡ ,네****,2020-11-09 05:33:17,저렴한데 이뿌기까지해요~♡(2020-11-08 22:31:39 에 등록된 네이버 페이 구매평)
,581,저렴한데 이쁘기까지해요~♡ ,네****,2020-11-09 05:33:16,저렴한데 이쁘기까지해요~♡(2020-11-08 22:30:24 에 등록된 네이버 페이 구매평)
,580,만족 ,네****,2020-11-09 02:23:18,가격대비 너무 만족해요(2020-11-08 00:09:07 에 등록된 네이버 페이 구매평)
,579,너무 맘에 들고, 이뽀요!!  굿굿 ,네****,2020-11-06 06:13:14,너무 맘에 들고@/@ 이뽀요!!  굿굿(2020-11-05 22:27:30 에 등록된 네이버 페이 구매평)
,578,너무 귀여운 티셔츠에용!!  놀러갈때 꼭 입혀야겠또욤ㅎㅎ ,네****,2020-11-06 06:13:13,너무 귀여운 티셔츠에용!!  놀러갈때 꼭 입혀야겠또욤ㅎㅎ(2020-11-05 22:26:41 에 등록된 네이버 페이 구매평)
[ODD STUDIO] 데일리 베베 티셔츠 - 코알라(아이보리)❤사업자회원전용 아이템❤,577,보통 ,네****,2020-11-03 06:00:34,내복으르 구입했는데 색상 촉감 다 좋아요 가성비 짱 입니다(2020-11-02 17:57:11 에 등록된 네이버 페이 구매평)
,576,가볍고 저렴해요 ,김****,2020-11-01 16:53:21,4.5키로 L사이즈 구매햇어요!@>@가볍고 넉넉해서 겨울옷 위에 자주 걸쳐입고 나갈거 같아요@>@가격도 저렴하고 색상도 마음에 들어요!@>@추천해요!!
[ODD STUDIO] 테슬 스카프_핑크,569,보통 ,네****,2020-10-11 07:38:11,너무 이뻐용^^ 단! 실밥이.자꾸 풀려서 테슬은 그냥 잘라버렸어요!(2020-10-10 23:06:37 에 등록된 네이버 페이 구매평)
[ODD STUDIO] 테슬 스카프_핑크,568,너무 이뻐용^^ 단! 실밥이.자꾸 풀려서 테슬은 그냥 잘라버렸어요! ,네****,2020-10-11 06:37:14,너무 이뻐용^^ 단! 실밥이.자꾸 풀려서 테슬은 그냥 잘라버렸어요!(2020-10-10 23:07:39 에 등록된 네이버 페이 구매평)
,567,만족 ,네****,2020-10-10 04:10:00,향이너무좋아요ㅋㅋㅋ(2020-10-09 12:14:30 에 등록된 네이버 페이 구매평)
,566,레몬향 은은하고 크기도 적당해서 편하네요. 잘 쓰겠습니다! ,네****,2020-10-10 03:36:22,레몬향 은은하고 크기도 적당해서 편하네요. 잘 쓰겠습니다!(2020-10-09 12:31:15 에 등록된 네이버 페이 구매평)
,565,향너무좋아서 다시샀어요ㅋ ,네****,2020-10-10 03:19:08,향너무좋아서 다시샀어요ㅋ(2020-10-09 11:27:01 에 등록된 네이버 페이 구매평)
,564,저렴하게 잘 구매는 했는데 하네스 구멍이 없는 게너무 아쉬워요... ,네****,2020-10-09 04:28:09,저렴하게 잘 구매는 했는데 하네스 구멍이 없는 게@>@너무 아쉬워요...(2020-10-08 15:25:38 에 등록된 네이버 페이 구매평)
[ODD STUDIO] 또또또 친구들 선캡_누또,563,핵귀여워요ㅠㅠ원래 모자싫어하는데 이 썬캡은 가만히 앉아서 묶어줄때까지 기다려요ㅋㅋㅋ ,네****,2020-10-09 03:38:27,핵귀여워요ㅠㅠ원래 모자싫어하는데 이 썬캡은 가만히 앉아서 묶어줄때까지 기다려요ㅋㅋㅋ(2020-10-08 12:12:13 에 등록된 네이버 페이 구매평)
[ODD STUDIO] 누또 양면 스카프,562,만족 ,네****,2020-10-08 04:28:19,조아요 배송 빠르고 좋아요(2020-10-07 13:49:59 에 등록된 네이버 페이 구매평)
,561,만족 ,네****,2020-10-08 04:28:19,조아요 배송 빠르고 좋아요(2020-10-07 13:49:51 에 등록된 네이버 페이 구매평)
[ODD STUDIO] 따또 양면 스카프,554,만족 ,네****,2020-10-07 04:36:49,노랑노랑 병아리 유치원생 같아요ㅎㅎ(2020-10-06 17:09:52 에 등록된 네이버 페이 구매평)
[ODD STUDIO] 누또 양면 스카프,553,만족 ,네****,2020-10-07 04:36:49,너무 귀여워요 똑딱이로 되어있어서 입히고벗기기 편하고 양면이여서 질리지 않을것 같아요(2020-10-06 17:09:31 에 등록된 네이버 페이 구매평)
,552,만족 ,네****,2020-10-07 03:46:25,꼬끼리 넘기여워여  안찢어져서좋아용(2020-10-06 13:27:20 에 등록된 네이버 페이 구매평)
,551,저희아이는 많이 말라서인지정사이즈로 주문했는데 막상 입히니 배부분이 많이 헐렁해서 가 옷 안으로 다 ... ,네****,2020-10-07 03:30:07,저희아이는 많이 말라서인지@>@정사이즈로 주문했는데 막상 입히니 배부분이 많이 헐렁해서 가 옷 안으로 다 들어가네요 ㅠㅠㅠ(2020-10-06 15:46:03 에 등록된 네이버 페이 구매평)
,550,너무맘에들어용 ,장****,2020-10-04 21:15:52,산책후에 싹 몸 닦아주면 깨끗해진느낌이라 매일매일 잘쓰고있어요! 다쓰면 또왕창 사둬야할거같아요 ㅎ
,549,와펜이 너뮤 귀여워요. 따뜻하고요. ,네****,2020-10-01 03:25:34,와펜이 너뮤 귀여워요. 따뜻하고요.(2020-09-30 17:28:04 에 등록된 네이버 페이 구매평)
,548,소재 좋고 찍찍이도 튼튼하고요. 예뻐요. ,네****,2020-10-01 03:25:34,소재 좋고 찍찍이도 튼튼하고요. 예뻐요.(2020-09-30 17:27:21 에 등록된 네이버 페이 구매평)
,547,보통 ,네****,2020-09-29 04:46:31,색깔이 너무 예뻐요.(2020-09-28 13:39:14 에 등록된 네이버 페이 구매평)
,546,보통 ,네****,2020-09-29 04:46:31,선물해줬는데 너무 좋아하더라구요ㅎㅎ(2020-09-28 13:38:56 에 등록된 네이버 페이 구매평)
,539,강아지가 편안해해요 ,임****,2020-09-28 21:37:18,5.3키로 자이언트말티인데.. 편안하게 잘 들어가네요~@>@조금 무겁긴한데@/@ 그만큼 탄탄하고 안정감 있어보입니다.
,538,선캡👍🏻 ,배****,2020-09-27 07:10:48,선캡사고싶어서 고민하고 있었는데@>@딱 추석선물 세트로 저렴한 가격에 이것저것 다 받아서 넘 좋았어요👍🏻@>@말티즈 2.5키로인데 크롭티 m샀은데 널널해서 데일리로 입히기 좋아요 @>@혹시 딱 맞는 느낌을 원하시면 마른 말티즈는 s도 좋을거같아요@>@모자도 클줄 알았는데 잘 맞아서 대만족입니다
,537,배송도 넘 빠르고 구성도 알차요>_< ,네****,2020-09-27 02:31:44,배송도 넘 빠르고 구성도 알차요&gt;_&lt;(2020-09-26 03:12:00 에 등록된 네이버 페이 구매평)
,536,저렴한 가격에 완전 득템했어요♡송편도 왔어요 ㅎ ,네****,2020-09-26 05:26:21,저렴한 가격에 완전 득템했어요♡@>@송편도 왔어요 ㅎ(2020-09-25 20:04:05 에 등록된 네이버 페이 구매평)
,535,감사합니다 질받았습니다 [1],네****,2020-09-26 05:19:04,감사합니다 질받았습니다(2020-09-25 19:38:03 에 등록된 네이버 페이 구매평)
,534,감사합니다 잘받있습니다 [1],네****,2020-09-26 05:19:04,감사합니다 잘받있습니다(2020-09-25 19:37:39 에 등록된 네이버 페이 구매평)
[ODD STUDIO] 껴또 인형 방수헤어밴드 (스누드),533,귀에 염증이 잘나서 샤워할때 물안들어가게 하려구요ㅠㅠ 너무 귀엽네용 씌워줘도 가만히 잘있어요 ㅎ7키로... ,네****,2020-09-26 05:19:03,귀에 염증이 잘나서 샤워할때 물안들어가게 하려구요ㅠㅠ 너무 귀엽네용 씌워줘도 가만히 잘있어요 ㅎ@>@7키로 비숑 잘맞아요!(2020-09-25 19:35:25 에 등록된 네이버 페이 구매평)
,532,모자가 귀엽네용!! 자꾸 벗으려고해서 문제지만 ㅠ옷도 깜딱해서 외출할때만 입고 나가는데 이건 실내에서 ... ,네****,2020-09-26 04:45:29,모자가 귀엽네용!! 자꾸 벗으려고해서 문제지만 ㅠ@>@옷도 깜딱해서 외출할때만 입고 나가는데 이건 실내에서 계속 입히려구요. 장난감은 이미 촉촉하게 젓었어요 ..( 물어뜯...)(2020-09-25 17:06:05 에 등록된 네이버 페이 구매평)
,531,넘 좋아서 오빠네 강아지도 주려고 주문했어요! ,네****,2020-09-26 04:39:57,넘 좋아서 오빠네 강아지도 주려고 주문했어요!(2020-09-25 16:45:50 에 등록된 네이버 페이 구매평)
[ODD STUDIO] 해또 인형 방수헤어밴드 (스누드),524,만족 ,네****,2020-09-13 06:23:43,강아지 세안 시 아주 꿀템입니다. @>@푸들인데 세안할때마다 머리며 목이며 다 젖어서 아쉬웠는데 이 제품덕에 얼굴만 싹 씻길 수 있어서 너무 좋으네요~ @>@좀 꽉끼는 느낌은 있습니다 ㅎㅎ(2020-09-12 18:59:11 에 등록된 네이버 페이 구매평)
,523,만족 ,네****,2020-09-12 04:10:03,재질도 좋고 사이즈도 넉넉한데 즈희집 묘르신께는 죄금 작아요사이즈 선택미스..(2020-09-11 12:00:45 에 등록된 네이버 페이 구매평)
[ODD STUDIO] 또또또 친구들 선캡_해또,522,야구르트 파는 강아지 ,네****,2020-09-07 02:10:58,야구르트 파는 강아지(2020-09-06 00:00:06 에 등록된 네이버 페이 구매평)
,521,너무찰ㄸㆍㅋ 같이 이뻐여 ,네****,2020-09-06 07:18:52,너무찰ㄸㆍㅋ 같이 이뻐여(2020-09-05 23:58:46 에 등록된 네이버 페이 구매평)
,520,만족 ,네****,2020-09-05 05:21:21,배송 빠르규 셩복도 넘 기염뽀짝이예요 5.2키로 라지 입혓어용(2020-09-04 14:44:43 에 등록된 네이버 페이 구매평)
[ODD STUDIO] 테슬 스카프_핑크,519,만족 ,네****,2020-09-05 04:46:12,생각보다 원단이 부드러워서 좋아요(2020-09-04 13:23:14 에 등록된 네이버 페이 구매평)
[ODD STUDIO]테슬 스카프_레드,518,만족 ,네****,2020-09-04 06:22:52,넘 귀여워요 사계절 잘 쓸거같아요(2020-09-03 19:30:59 에 등록된 네이버 페이 구매평)
[ODD STUDIO] 새콤달콤 민소매 티_아이스크림,517,몸통이 쬐꼼 크긴하지만 너무 상콤하니 귀여워용 ,네****,2020-09-03 06:55:46,몸통이 쬐꼼 크긴하지만 너무 상콤하니 귀여워용(2020-09-02 23:17:14 에 등록된 네이버 페이 구매평)
[ODD STUDIO] 또또또 친구들 선캡_따또,516,디자인이 귀여워요.자외선 차단도 잘되는거 같은데아쉬운점은 줄 쪼임이 약해서 잘 풀리네요 ,네****,2020-09-03 04:20:02,디자인이 귀여워요.@>@자외선 차단도 잘되는거 같은데@>@아쉬운점은 줄 쪼임이 약해서 잘 풀리네요(2020-09-02 15:33:57 에 등록된 네이버 페이 구매평)
[ODD STUDIO] 또또또 친구들 선캡_껴또,509,만족 ,네****,2020-08-28 05:23:33,너무이뻐요..!!!(2020-08-27 15:48:20 에 등록된 네이버 페이 구매평)
[ODD STUDIO] 또또또 친구들 선캡_누또,508,만족 ,네****,2020-08-28 04:42:09,이쁘네요 조금크긴하지만(2020-08-27 13:31:52 에 등록된 네이버 페이 구매평)
,507,만족 ,네****,2020-08-27 07:19:47,댕댕이 이동가방에 넣어주려 구입했어요^^@>@아직 사용전이지만 시원해하기를...ㅎ(2020-08-26 22:05:59 에 등록된 네이버 페이 구매평)
,506,만족 ,네****,2020-08-27 02:53:35,이쁜데@>@머리가 작아선지@>@자꾸 벗겨져서 불편해요(2020-08-26 05:36:37 에 등록된 네이버 페이 구매평)
,505,불만족 ,네****,2020-08-27 02:53:35,두개나 샀는데@>@축쭉해져서 안쓰고 있어요(2020-08-26 05:35:33 에 등록된 네이버 페이 구매평)
,504,배송도 빨랐고 가방도 감사합니다 아이가 신나게 갖고 놀았어요 ,네****,2020-08-26 02:44:53,배송도 빨랐고 가방도 감사합니다 아이가 신나게 갖고 놀았어요(2020-08-25 09:49:09 에 등록된 네이버 페이 구매평)
[ODD STUDIO] 또또또 친구들 선캡_따또,503,불만족 ,네****,2020-08-25 07:12:24,머리한번흔들면 목걸이가 됩니다ㅋ사진 한번용(2020-08-24 21:40:18 에 등록된 네이버 페이 구매평)
[ODD STUDIO] 오댕댕 너맘보 커플티_10 COLORS,502,만족 ,네****,2020-08-23 05:20:15,엄청 이쩌요 재질도 좋고 시원하게 잘 입을거 같습니다!(2020-08-22 14:45:52 에 등록된 네이버 페이 구매평)
,501,입에 붙어 버렸어요.. ,네****,2020-08-22 06:12:21,입에 붙어 버렸어요..(2020-08-21 20:49:08 에 등록된 네이버 페이 구매평)
[ODD STUDIO] 따또 인형 방수헤어밴드 (스누드),494,좋아요 좋아요 좋아요 좋아요 ,네****,2020-08-18 04:05:07,좋아요 좋아요 좋아요 좋아요(2020-08-17 19:33:32 에 등록된 네이버 페이 구매평)
[ODD STUDIO] 껴또 인형 방수헤어밴드 (스누드),493,이쁘고 좋아여수영모자로 비올땐 우비모자로유용하겠네여 ,네****,2020-08-18 04:05:06,이쁘고 좋아여@>@수영모자로 비올땐 우비모자로@>@유용하겠네여(2020-08-17 19:32:30 에 등록된 네이버 페이 구매평)
,492,아가들눈건강위해구매했어요넘구여워요단점이라면금방벗겨진다는거네요 ,네****,2020-08-18 02:34:08,아가들눈건강위해구매했어요@>@넘구여워요@>@단점이라면금방벗겨진다는거네요(2020-08-17 09:40:10 에 등록된 네이버 페이 구매평)
[ODD STUDIO] 또또또 친구들 선캡_따또,491,만족 ,네****,2020-08-17 04:19:00,래브라도는 귀모양이 달라 아쉬웠지만 너무 귀여워요.(2020-08-16 14:52:25 에 등록된 네이버 페이 구매평)
[ODD STUDIO] 시원쏘쿨 베스트_옐로우,490,요즘 매일 입고 산책해요  ◡̈ ,김****,2020-08-16 23:23:23,여름철 무더위에 옷을 입힌다는 게 너무 미안했는데@>@이 옷은 걱정 없이 가볍게 입혀줄 수 있어서 좋아요!@>@착용법도 간단해서 요즘 매일 입고 산책하고 있어요@>@그리고 무엇보다 너무@/@@/@@/@귀여워요 ◡̈ @>@당장 강아지 유치원 가야 할 것 같은 비주얼이에요
[ODD STUDIO] 껴또 인형 방수헤어밴드 (스누드),489,고민은 배송만 늦출뿐,,,,,,너무 귀여워요 ◡̈ ,김****,2020-08-16 22:50:45,혹시 고무줄이 약해서 쉽게 흘러내릴까 주문을 망설였는데@/@@/@@/@@/@괜한 걱정이었어요!@>@머리가 작은 편인데도 고정이 잘 되어서 만족합니다@>@수영할 때에도 유용할 거 같아요@>@다음 여름엔 이 헤어밴드 착용하고 물놀이 가고 싶어요  ◡̈
[ODD STUDIO] 또또또 친구들 선캡_따또,488,늦장 부리다가 노란색 품절 됐었는데 드디어 샀어요. 왜 진작에 안사고 꾸물거렸는지ㅠㅠ 귀를 빼서 쓰니까 ... ,네****,2020-08-16 03:03:23,늦장 부리다가 노란색 품절 됐었는데 드디어 샀어요. 왜 진작에 안사고 꾸물거렸는지ㅠㅠ 귀를 빼서 쓰니까 머리 위쪽이 고정 되고 턱쪽에 또 한번 더 고정 할 수 있으니까 너무 좋아요. 머리를 아무리 흔들어도 벗겨질 염려는 없겠어요! 햇빛이 강해서 자외선 걱정도 되고 아이 눈도 걱정이였는데 정말 좋은 모자 사게 돼서 행복해요!!(2020-08-15 11:53:03 에 등록된 네이버 페이 구매평)
,487,분홍색,하늘색 둘다 주문했는데 색도 예쁘고 그림도 예쁘고 맘에들어요! ,네****,2020-08-13 05:25:19,분홍색@/@하늘색 둘다 주문했는데 색도 예쁘고 그림도 예쁘고 맘에들어요!(2020-08-12 22:13:16 에 등록된 네이버 페이 구매평)
,486,그림도 너무 귀엽고 방석처럼 펼쳐서 사용중인데 좋아하네요 ㅎㅎ ,네****,2020-08-13 05:25:18,그림도 너무 귀엽고 방석처럼 펼쳐서 사용중인데 좋아하네요 ㅎㅎ(2020-08-12 22:12:41 에 등록된 네이버 페이 구매평)
[ODD STUDIO] 또또또 친구들 선캡_껴또,479,여름휴가가기전에 주문한건데 배송도 빠르고 좋아요 ~~보통모자들 한번 털면 다 벗겨지는데 생각보다 괜찮아... ,네****,2020-08-09 02:49:15,여름휴가가기전에 주문한건데 배송도 빠르고 좋아요 ~~보통모자들 한번 털면 다 벗겨지는데 생각보다 괜찮아요^^(2020-08-08 09:35:52 에 등록된 네이버 페이 구매평)
[ODD STUDIO] 껴또 크롭 탱크탑,478,사이즈딱좋고 색상도 캐릭터도 넘귀여워용 ,네****,2020-08-09 02:49:14,사이즈딱좋고 색상도 캐릭터도 넘귀여워용(2020-08-08 09:33:47 에 등록된 네이버 페이 구매평)
[ODD STUDIO] 또또또 친구들 선캡_따또,477,만족 ,네****,2020-08-08 07:11:30,눈누라나아조굼 커요쿄요요(2020-08-07 20:13:13 에 등록된 네이버 페이 구매평)
,476,특가에 구입해서 좋았어요강아지가 잘 놀아요 ,네****,2020-08-08 05:51:07,특가에 구입해서 좋았어요@>@강아지가 잘 놀아요(2020-08-07 20:38:00 에 등록된 네이버 페이 구매평)
,475,대형견 멋부림 아이템이에용ㅋㅋ크다고 무서워하는 사람들 많아서 이거라노하면 덜무서워할까 샀어용ㅎ성냥... ,네****,2020-08-08 03:21:16,대형견 멋부림 아이템이에용ㅋㅋ크다고 무서워하는 사람들 많아서 이거라노하면 덜무서워할까 샀어용ㅎ@>@성냥팔이소녀 기능도있어서 완전 맘에듭니다!!!(2020-08-07 11:45:33 에 등록된 네이버 페이 구매평)
[ODD STUDIO] 또또또 친구들 선캡_따또,474,만족 ,네****,2020-08-07 07:08:38,ㅋㅋ@>@@>@ㅋㅋ귀여워요(2020-08-06 22:06:49 에 등록된 네이버 페이 구매평)
[ODD STUDIO] 껴또 크롭 탱크탑,473,4.3키로 똥똥한 푸들인데 라지사이즈 약간 컸어요 ㅠㅠ 미듐사이즈 했어도 괜찮았을것? 같네용선물해줬는... ,네****,2020-08-07 05:03:16,4.3키로 똥똥한 푸들인데 라지사이즈 약간 컸어요 ㅠㅠ @>@미듐사이즈 했어도 괜찮았을것? 같네용@>@선물해줬는데 너무 귀여워요@>@선캡이랑 세트로 구매했습니다(2020-08-06 18:27:17 에 등록된 네이버 페이 구매평)
[ODD STUDIO] 껴또 인형 방수헤어밴드 (스누드),472,만족 ,네****,2020-08-04 06:09:43,귀여워여 색깔별로 샀어요(2020-08-03 18:59:10 에 등록된 네이버 페이 구매평)
[ODD STUDIO] 따또 인형 방수헤어밴드 (스누드),471,귀여워요 색깔별로 샀어요 ,네****,2020-08-04 04:35:55,귀여워요 색깔별로 샀어요(2020-08-03 18:58:37 에 등록된 네이버 페이 구매평)
,464,존귀!!!!넘 잘샀어요 ,네****,2020-08-02 02:28:32,존귀!!!!넘 잘샀어요(2020-08-01 01:17:50 에 등록된 네이버 페이 구매평)
[ODD STUDIO] 또또또 친구들 선캡_따또,463,챙길이 때문에 라지 구매했어요~눈치료받고있는아이라...챙길이가 중요하거든요~살짝 큰감은 있지만 너무... ,네****,2020-08-01 02:30:25,챙길이 때문에 라지 구매했어요~@>@눈치료받고있는아이라...@>@챙길이가 중요하거든요~@>@살짝 큰감은 있지만 너무 귀엽게 잘쓰고 있어요~^^ㅋㅋ(2020-07-31 03:10:47 에 등록된 네이버 페이 구매평)
,462,강아지가 저것만 보면 정신줄 놓고 환장하네요... 재구매.. ,네****,2020-07-31 04:34:17,강아지가 저것만 보면 정신줄 놓고 환장하네요... 재구매..(2020-07-30 16:35:44 에 등록된 네이버 페이 구매평)
[ODD STUDIO] 누또 노즈워크 장난감 ❤사업자회원전용❤,461,진짜좋아해요ㅋㅋ ,조****,2020-07-30 22:21:43,노즈워크도되고 @>@장난감도되고 1석2조ㅋㅋㅋ@>@한바탕 갖고놀다 기절했네요ㅋㅋ
[ODD STUDIO] 또또또 친구들 선캡_누또,460,ㅠㅠ너무너무 귀여워요ㅠㅠㅠ 우리댕이 머리크기가 이렇게 작은줄처음알았어요ㅠㅠㅠ 다음번엔 하나더 작은... ,네****,2020-07-30 04:56:26,ㅠ@>@ㅠ너무너무 귀여워요ㅠㅠㅠ 우리댕이 머리크기가 이렇게 작은줄처음알았어요ㅠㅠㅠ 다음번엔 하나더 작은거사기(2020-07-29 17:59:08 에 등록된 네이버 페이 구매평)
[ODD STUDIO] 해또 스카프 빕❤사업자회원전용 아이템❤,459,너무 귀여워요 ,유****,2020-07-29 17:35:01,쉬쟁이 울애기한테 딱!!@>@너무 귀여워요
,458,너무귀엽고 만족스러워요ㅋㅋㅋ다만 몽이에게인데 뭉이에게라고 써져와서ㅡㅠ맴찢ㅠㅋ ,네****,2020-07-29 05:22:55,너무귀엽고 만족스러워요ㅋㅋㅋ@>@다만 몽이에게인데 뭉이에게라고 써져와서ㅡㅠ@>@@>@맴찢ㅠㅋ(2020-07-28 20:06:52 에 등록된 네이버 페이 구매평)
,457,보통 ,네****,2020-07-29 05:12:18,귀여워요~~ ㅎㅎ 잘산듯(2020-07-28 15:44:14 에 등록된 네이버 페이 구매평)
[ODD STUDIO] 또또또 친구들 선캡_누또,456,만족 ,네****,2020-07-29 03:28:00,더 귀여워진 강아지가 되었어요!(2020-07-28 10:29:32 에 등록된 네이버 페이 구매평)
,449,만족 ,네****,2020-07-26 07:28:48,챙이 넓고 빳빳해 햇빛 차단이 잘 됩니다 :)(2020-07-25 23:20:21 에 등록된 네이버 페이 구매평)
[ODD STUDIO]  누또 크롭 탱크탑,448,만족 ,네****,2020-07-26 02:24:41,너무귀엽게잘맞앗어용ㅋㅋ(2020-07-25 00:14:31 에 등록된 네이버 페이 구매평)
[ODD STUDIO] 또또또 친구들 선캡_누또,447,만족 ,네****,2020-07-26 02:24:41,너무이뻐요 인싸템이에요(2020-07-25 00:14:20 에 등록된 네이버 페이 구매평)
[ODD STUDIO] 또또또 친구들 선캡_누또,446,모자가 안정감있게 고정이 안되서 머리 한번 털면 바로 턱받이 됩니다....모자 씌우고 나간지 5분도 안되서... ,네****,2020-07-24 04:05:17,모자가 안정감있게 고정이 안되서 머리 한번 털면 바로 턱받이 됩니다....@>@모자 씌우고 나간지 5분도 안되서 불편해하길래 바로 벗겨줬어요(2020-07-23 14:37:47 에 등록된 네이버 페이 구매평)
[ODD STUDIO] 또또또 친구들 선캡_껴또,445,댕댕이들의 필수품 ,변****,2020-07-23 22:32:46,요고 물건이네요 ㅋㅋㅋㅋ @>@어쩜요리 귀여운지 울댕댕이 인물이 확 사는것같아요~^^♡
[ODD STUDIO] 껴또 크롭 탱크탑,444,깔끔해요~^^ ,변****,2020-07-23 22:28:35,색이 선명해서 구입했는데 받아보니 더 만족스럽구요@>@캐릭터도 너무 귀여워용~^^♡
[ODD STUDIO] 또또또 친구들 선캡_껴또,443,만족 ,네****,2020-07-23 07:19:14,귀여워요 만족합니다(2020-07-22 22:07:36 에 등록된 네이버 페이 구매평)
[ODD STUDIO] 또또또 친구들 선캡_누또,442,보통 ,네****,2020-07-23 02:41:43,스몰도나왔으면하는마음이에요  @>@클꺼같은데도구입했어요 역시크긴큰데 ..(2020-07-22 01:53:58 에 등록된 네이버 페이 구매평)
[ODD STUDIO] 또또또 친구들 선캡_따또,441,만족 ,네****,2020-07-22 05:09:35,너무귀여워요ㅋㅋ저희 강아지는 귀가 커서 미디움 꾸역꾸역 귀를 넣어야하지만 진짜 쫄귀예요!(2020-07-21 15:02:12 에 등록된 네이버 페이 구매평)
,434,귀여워여 근데 애기가 쪼끔 불편해해요 ,네****,2020-07-20 04:08:41,귀여워여 근데 애기가 쪼끔 불편해해요(2020-07-19 16:58:31 에 등록된 네이버 페이 구매평)
[ODD STUDIO] 또또또 친구들 선캡_따또,433,골딩이  귀 넣는곳이 너무 위쪽에 있어요 귀가 계속 빠져요 ,네****,2020-07-20 02:49:39,골딩이  귀 넣는곳이 너무 위쪽에 있어요 @>@귀가 계속 빠져요(2020-07-19 10:09:53 에 등록된 네이버 페이 구매평)
[ODD STUDIO] 또또또 친구들 선캡_껴또,432,배송도 빠르고 넘넘 귀여워요.^^ ,네****,2020-07-19 04:05:46,배송도 빠르고 넘넘 귀여워요.^^(2020-07-18 13:43:15 에 등록된 네이버 페이 구매평)
[ODD STUDIO] 또또또 친구들 선캡_껴또,431,보통 ,네****,2020-07-18 06:36:33,잘사용할게요 귀부분은 수선이 필요할거같아요(2020-07-17 17:48:58 에 등록된 네이버 페이 구매평)
[ODD STUDIO] 또또또 친구들 선캡_껴또,430,만족 ,네****,2020-07-18 05:52:22,너무너무 귀엽네요 잘사용할게요(2020-07-17 15:46:54 에 등록된 네이버 페이 구매평)
[ODD STUDIO] 또또또 친구들 선캡_누또,429,배송도 빠르게 잘받았어요~ 생각보다 고정력도 좋고 너무너무 귀엽네요!! 대만족이예요!! ,네****,2020-07-18 03:57:37,배송도 빠르게 잘받았어요~ @>@생각보다 고정력도 좋고 너무너무 귀엽네요!! 대만족이예요!!(2020-07-17 13:43:31 에 등록된 네이버 페이 구매평)
[ODD STUDIO] 또또또 친구들 선캡_껴또,428,요즘같은 자외선강한 날씨에도 쓰기좋지만. 비오는날에도 착용햇더니 빗방울을 막앚 ㅓ허 좋앗습니다 ,네****,2020-07-18 03:39:29,요즘같은 자외선강한 날씨에도 쓰기좋지만. 비오는날에도 착용햇더니 빗방울을 막앚 ㅓ허 좋앗습니다(2020-07-17 12:40:14 에 등록된 네이버 페이 구매평)
,427,만족 ,네****,2020-07-17 06:12:06,생각보다 이뻐요. . 최고.(2020-07-16 17:56:23 에 등록된 네이버 페이 구매평)
[ODD STUDIO] 또또또 친구들 선캡_따또,426,만족 ,네****,2020-07-17 06:12:06,너무 귀여워요 진짜!!!ㅎㅎ(2020-07-16 17:42:38 에 등록된 네이버 페이 구매평)
[ODD STUDIO] 또또또 친구들 선캡_따또,419,비숑이라 털이 눌려서 ㅋㅋㅋ요구르트 파는 아주머니 같아요 ㅎ ,네****,2020-07-16 05:18:42,비숑이라 털이 눌려서 ㅋㅋㅋ요구르트 파는 아주머니 같아요 ㅎ(2020-07-15 18:53:43 에 등록된 네이버 페이 구매평)
[ODD STUDIO] 또또또 친구들 선캡_따또,418,너모너모 귀엽고 샤페이라 귀가 작은데도 안벗겨지고 좋아요!!!! ,네****,2020-07-15 07:12:00,너모너모 귀엽고 샤페이라 귀가 작은데도 안벗겨지고 좋아요!!!!(2020-07-14 23:57:18 에 등록된 네이버 페이 구매평)
[ODD STUDIO] 또또또 친구들 선캡_따또,417,너무 귀엽습니당ㅠㅠ근데 귀가 자꾸 빠지긴하네요ㅋㅋㅋ그래도 귀여워서 만족합니다 ,네****,2020-07-15 04:04:52,너무 귀엽습니당ㅠㅠ@>@근데 귀가 자꾸 빠지긴하네요ㅋㅋㅋ@>@그래도 귀여워서 만족합니다(2020-07-14 14:20:18 에 등록된 네이버 페이 구매평)
[ODD STUDIO] 또또또 친구들 선캡_따또,416,너무 귀여워용 옷 사이즈도 잘 맞고 굳입니다!! ,네****,2020-07-15 03:08:07,너무 귀여워용 옷 사이즈도 잘 맞고 @>@굳입니다!!(2020-07-14 11:19:47 에 등록된 네이버 페이 구매평)
[ODD STUDIO] 또또또 친구들 선캡_따또,415,너무 귀여워요 그리고 다른 모자보다 챙이 넓어서 좋아요 ,네****,2020-07-14 04:32:59,너무 귀여워요 그리고 다른 모자보다 챙이 넓어서 좋아요(2020-07-13 15:52:25 에 등록된 네이버 페이 구매평)
[ODD STUDIO] 또또또 친구들 선캡_따또,414,시야가 답답하지 않을 것 같아요~아쉬운 부분은 끈이 너무 잘 풀린다는거ㅠ ,네****,2020-07-14 04:11:46,시야가 답답하지 않을 것 같아요~아쉬운 부분은 끈이 너무 잘 풀린다는거ㅠ(2020-07-13 14:26:34 에 등록된 네이버 페이 구매평)
[ODD STUDIO] 또또또 친구들 선캡_따또,413,만족 ,네****,2020-07-14 03:49:21,좋은데@>@그 목부분 고무줄이 너무 짱짱해서 불편할거같아여ㅠㅠㅠ이거땜에 못씌우겟어요..(2020-07-13 10:31:14 에 등록된 네이버 페이 구매평)
[ODD STUDIO] 또또또 친구들 선캡_따또,412,너무귀여워요ㅠㅠ ㅋㅋㅋ 머리에 뭐 쓰는거 싫어하는 우리집 댕댕이도 너무 잘쓰고 있어요 :) ,네****,2020-07-14 03:36:50,너무귀여워요ㅠㅠ ㅋㅋㅋ 머리에 뭐 쓰는거 싫어하는 우리집 댕댕이도 너무 잘쓰고 있어요 :)(2020-07-13 12:43:49 에 등록된 네이버 페이 구매평)
,411,보통 ,네****,2020-07-14 03:23:47,사용전이지만 좋을것 같아요 ^^(2020-07-13 09:21:48 에 등록된 네이버 페이 구매평)
[ODD STUDIO] 또또또 친구들 선캡_누또,404,만족 ,네****,2020-07-12 05:17:06,너무너무너무너무너무너무 귀여운데 우리집강아지가 씌우는순간 내팽겨쳐요..(2020-07-11 14:11:46 에 등록된 네이버 페이 구매평)
,403,아가들착용전인데열어보니좀작은듯해서당황디자인은 귀여워용착용후산책해보구또리뷰할께요 ,네****,2020-07-12 03:13:47,아가들착용전인데@>@열어보니좀작은듯해서당황@>@디자인은 귀여워용@>@착용후산책해보구또리뷰할께요(2020-07-11 10:43:04 에 등록된 네이버 페이 구매평)
,402,보통 ,네****,2020-07-12 02:55:47,대형견 1마리와 중형견 2마리 L 사쥬 샀는데 큰애한테는 살짝 작고 작은 애들한테는 살짝 커요. 사이즈가 다양했으면 더 좋았을것 같아요^^(2020-07-11 04:32:06 에 등록된 네이버 페이 구매평)
[ODD STUDIO] 또또또 친구들 선캡_따또,401,넌맘에 들어요 귀엽네요 사이즈 걱정했는데 적당히 잘 맞아요 ,네****,2020-07-11 06:32:18,넌맘에 들어요 귀엽네요 사이즈 걱정했는데 적당히 잘 맞아요(2020-07-10 22:32:59 에 등록된 네이버 페이 구매평)
[ODD STUDIO] 또또또 친구들 선캡_따또,400,포메 3키로한테는 쫌 커도 이뻐요 ,네****,2020-07-11 06:07:34,포메 3키로한테는 쫌 커도 이뻐요(2020-07-10 20:44:22 에 등록된 네이버 페이 구매평)
[ODD STUDIO] 또또또 친구들 선캡_껴또,399,아주 귀여워요! 그런데 잘 벗겨져요. 선캡을 구부리려면 단단히 고정? 해야하는데 그러려면 아이 목이 졸릴... ,네****,2020-07-11 05:40:11,아주 귀여워요! @>@그런데 잘 벗겨져요. 선캡을 구부리려면 단단히 고정? 해야하는데 그러려면 아이 목이 졸릴까 봐...잠깐잠깐 쓰는 건 괜찮은데 장시간은 불가능하고 달리면 바로 벗겨져요. 그래도 아주 귀여워요!(2020-07-10 19:02:28 에 등록된 네이버 페이 구매평)
[ODD STUDIO] 또또또 친구들 선캡_따또,398,이뻐요. 마니마니 파세요 ,네****,2020-07-11 05:34:53,이뻐요. 마니마니 파세요(2020-07-10 18:39:44 에 등록된 네이버 페이 구매평)
[ODD STUDIO] 따또 크롭 탱크탑,397,넘나 이쁘네요 또 구매할게요 ,네****,2020-07-11 05:34:53,넘나 이쁘네요 또 구매할게요(2020-07-10 18:38:34 에 등록된 네이버 페이 구매평)
,396,너무 귀엽고 귀가따로빠져서 좋아요 ,네****,2020-07-11 04:53:31,너무 귀엽고 귀가따로빠져서 좋아요(2020-07-10 16:16:51 에 등록된 네이버 페이 구매평)
[ODD STUDIO] 또또또 친구들 선캡_따또,389,진짜 귀여워요. 꽉 묶어주면 잘 안떨어지고 붙어있어요. ,네****,2020-07-09 04:55:34,진짜 귀여워요. 꽉 묶어주면 잘 안떨어지고 붙어있어요.(2020-07-08 17:16:05 에 등록된 네이버 페이 구매평)
[ODD STUDIO] 또또또 친구들 선캡_따또,388,만족 ,네****,2020-07-09 03:59:04,착용한 모습이 세상 귀여워요 ㅜㅜ 아직 강아지한테 조금 큰지 모자가 막 돌아가지만@/@ 여름에 눈 보호를 위해 쓰고 다니면 좋을 것 같아요~(2020-07-08 10:46:51 에 등록된 네이버 페이 구매평)
[ODD STUDIO] 또또또 친구들 선캡_누또,387,불만족 ,네****,2020-07-08 07:18:13,사이즈에매 털면 귀빠짐(2020-07-07 20:15:40 에 등록된 네이버 페이 구매평)
[ODD STUDIO] 또또또 친구들 선캡_따또,386,불만족 ,네****,2020-07-08 07:18:13,사이즈에매함 귀빠짐(2020-07-07 20:15:08 에 등록된 네이버 페이 구매평)
[ODD STUDIO] 껴또 크롭 탱크탑,385,너무 사랑스러워요♡ 세트로 구매했어요. 다들 귀엽다고 반응 최고에요~ ,네****,2020-07-08 04:39:05,너무 사랑스러워요♡ 세트로 구매했어요. 다들 귀엽다고 반응 최고에요~(2020-07-07 16:13:04 에 등록된 네이버 페이 구매평)
[ODD STUDIO] 또또또 친구들 선캡_껴또,384,너무 사랑스러워요♡ 세트로 구매했어요. 다들 귀엽다고 반응 최고에요~ ,네****,2020-07-08 04:39:03,너무 사랑스러워요♡ 세트로 구매했어요. 다들 귀엽다고 반응 최고에요~(2020-07-07 16:11:38 에 등록된 네이버 페이 구매평)
[ODD STUDIO] 또또또 친구들 선캡_따또,383,귀엽고 생각보다 안불편해해요 ,네****,2020-07-08 04:29:39,귀엽고 생각보다 안불편해해요(2020-07-07 15:41:15 에 등록된 네이버 페이 구매평)
,382,만족 ,네****,2020-07-08 04:23:47,씌우면 귀여운데 자꾸만 벗겨지는게 흠이네요(2020-07-07 12:01:53 에 등록된 네이버 페이 구매평)
,381,만족 ,네****,2020-07-08 04:23:47,편하게 막 쓸수 있어요(2020-07-07 12:01:26 에 등록된 네이버 페이 구매평)
[ODD STUDIO] 시원쏘쿨 베스트_블루,374,원단도 좋고 무엇보다 입히기 쉬위서 좋아요.디자인도 너무 귀여워요 ,네****,2020-07-06 04:14:24,원단도 좋고 무엇보다 입히기 쉬위서 좋아요.@>@디자인도 너무 귀여워요(2020-07-05 16:00:05 에 등록된 네이버 페이 구매평)
[ODD STUDIO] 또또또 친구들 선캡_껴또,373,이뿐데 움직일때 벗겨지는건 어쩔수없는듯 ,네****,2020-07-06 04:13:22,이뿐데 움직일때 벗겨지는건 어쩔수없는듯(2020-07-05 15:54:04 에 등록된 네이버 페이 구매평)
[ODD STUDIO] 또또또 친구들 선캡_따또,372,첨에 엄마가 잘못씌여서 왜이리 크나 했어요 ㅋㅋ넘 귀엽약수터 물뜨러 보내야겠어요 ,네****,2020-07-05 04:59:59,첨에 엄마가 잘못씌여서 왜이리 크나 했어요 ㅋㅋ넘 귀엽@>@약수터 물뜨러 보내야겠어요(2020-07-04 17:56:16 에 등록된 네이버 페이 구매평)
,371,만족 ,네****,2020-07-05 04:34:52,여름산책시 눈부셔할 댕댕이를 위해 꼭 필요한 제품 입니다.(2020-07-04 13:26:10 에 등록된 네이버 페이 구매평)
[ODD STUDIO] 또또또 친구들 선캡_껴또,370,머리를 묶어주고 씌웟더니 ㅋㅋ 묶은머리가 앞으로 튀어나와서 그거 빼고는 햇빛가리는 용도로는 좋아요 ,네****,2020-07-05 03:23:22,머리를 묶어주고 씌웟더니 ㅋㅋ 묶은머리가 앞으로 튀어나와서 그거 빼고는 햇빛가리는 용도로는 좋아요(2020-07-04 11:26:18 에 등록된 네이버 페이 구매평)
[ODD STUDIO] 껴또 크롭 탱크탑,369,크롭티는 처음사서 입히는데 너무 귀여우요 ㅠㅠㅠ ,네****,2020-07-05 03:23:21,크롭티는 처음사서 입히는데 너무 귀여우요 ㅠㅠㅠ(2020-07-04 11:25:10 에 등록된 네이버 페이 구매평)
[ODD STUDIO] 껴또 인형 방수헤어밴드 (스누드),368,털에 안묻어서 좋아요 수영할때도 씌워줘야겠어요그리고 젤좋은건 귀여움... ,네****,2020-07-05 02:23:07,털에 안묻어서 좋아요 수영할때도 씌워줘야겠어요@>@그리고 젤좋은건 귀여움...(2020-07-04 01:08:29 에 등록된 네이버 페이 구매평)
[ODD STUDIO] 따또 인형 방수헤어밴드 (스누드),367,털에 안묻어서 좋아요 수영할때도 씌워줘야겠어요그리고 젤좋은건 귀여움... ,네****,2020-07-05 02:23:07,털에 안묻어서 좋아요 수영할때도 씌워줘야겠어요@>@그리고 젤좋은건 귀여움...(2020-07-04 01:04:11 에 등록된 네이버 페이 구매평)
[ODD STUDIO] 또또또 친구들 선캡_따또,366,분홍이사고귀여워서 노랭이도삿내욤 너무귀엽고깜찍해용ㅋㅋ ,네****,2020-07-04 03:22:35,분홍이사고귀여워서 노랭이도삿내욤 너무귀엽고깜찍해용ㅋㅋ(2020-07-03 10:22:48 에 등록된 네이버 페이 구매평)
,359,만족 ,네****,2020-06-29 07:01:27,ㅠㅠㅠ완전 귀여워요!!! 세트로 사서 친구랑 나눠가졌어요(2020-06-28 23:35:58 에 등록된 네이버 페이 구매평)
[ODD STUDIO] 또또또 친구들 선캡_누또,358,4.2kg비숑인데 작아요... 비숑이들은 무조건 L 사이즈 해야하나봐요 ㅠㅠ 넘귀여운데 아쉬워요 ,네****,2020-06-28 04:47:09,4.2kg비숑인데 작아요... 비숑이들은 무조건 L 사이즈 해야하나봐요 ㅠㅠ 넘귀여운데 아쉬워요(2020-06-27 17:37:03 에 등록된 네이버 페이 구매평)
[ODD STUDIO] 또또또 친구들 선캡_누또,357,너무귀엽고 이쁜 썬캡때문에 사람들한테 울강아지 인기짱이되었네요~~^^ ,네****,2020-06-28 03:15:47,너무귀엽고 이쁜 썬캡때문에 사람들한테 울강아지 인기짱이되었네요~~^^(2020-06-27 11:35:12 에 등록된 네이버 페이 구매평)
[ODD STUDIO] 또또또 친구들 선캡_껴또,356,썬캡쓰고 패셔니스타 됬어요너무 귀여워서 집사가 죽을꺼 같아요ㅠㅜ처음에는 쓰기 싫어하더니 햇빛이 가... ,네****,2020-06-28 03:15:46,썬캡쓰고 패셔니스타 됬어요@>@너무 귀여워서 집사가 죽을꺼 같아요ㅠㅜ@>@처음에는 쓰기 싫어하더니 햇빛이 가려지는걸 알더니@>@엄청 잘 쓰고 다녀요@>@깔별로 다 소장하고 싶어지네여(2020-06-27 11:08:09 에 등록된 네이버 페이 구매평)
[ODD STUDIO] 껴또 크롭 탱크탑,355,이뿜니다..산책할때 썬캡이 벗겨지긴해도 귀여워요 ,네****,2020-06-27 02:32:25,이뿜니다..산책할때 썬캡이 벗겨지긴해도 귀여워요(2020-06-26 03:58:36 에 등록된 네이버 페이 구매평)
[ODD STUDIO] 따또 크롭 탱크탑,354,이뻐요..원단도 좋고 기욥네요❤️❤️ ,네****,2020-06-27 02:32:24,이뻐요..원단도 좋고 기욥네요❤️❤️(2020-06-26 03:57:06 에 등록된 네이버 페이 구매평)
,353,친구들하고 같이 썼는데 너무 귀여워요~^^ ,네****,2020-06-26 04:42:10,친구들하고 같이 썼는데 너무 귀여워요~^^(2020-06-25 15:52:46 에 등록된 네이버 페이 구매평)
[ODD STUDIO] 또또또 친구들 선캡_누또,352,우래기테넘나잘어울림!!! ,네****,2020-06-26 03:31:58,우래기테넘나잘어울림!!!(2020-06-25 11:34:07 에 등록된 네이버 페이 구매평)
[ODD STUDIO]  누또 크롭 탱크탑,351,찰떡이에요 사길너무너무잘함 ,네****,2020-06-26 03:31:57,찰떡이에요 사길너무너무잘함(2020-06-25 11:33:43 에 등록된 네이버 페이 구매평)
[ODD STUDIO] 오댕댕 너맘보 커플티_10 COLORS,344,강아지가 잘안입어서 그런긴한데입으니깐 이뻐요그리고 어깨부분이 ㅠ 터졌어요 몰루고 한번 빨아서입으... [1],네****,2020-06-25 02:27:17,강아지가 잘안입어서 그런긴한데@>@입으니깐 이뻐요@>@그리고 @>@어깨부분이 ㅠ 터졌어요 @>@몰루고 한번 빨아서입으니@>@줄어들어버리고요@>@사람것은 조금 아쉽네요 ㅠ(2020-06-24 02:02:30 에 등록된 네이버 페이 구매평)
[ODD STUDIO] 따또 크롭 탱크탑,343,만족 ,네****,2020-06-24 05:12:11,옷이크게나왓나봐용 흑흑(2020-06-23 14:18:17 에 등록된 네이버 페이 구매평)
[ODD STUDIO] 껴또 크롭 탱크탑,342,만족 ,네****,2020-06-24 05:12:11,옷이좀크게나온건지 정사이즈햇는대 크네용(2020-06-23 14:18:08 에 등록된 네이버 페이 구매평)
[ODD STUDIO] 또또또 친구들 선캡_따또,341,만족 ,네****,2020-06-24 05:12:11,기여워미쳐버려용 ㅠㅠ(2020-06-23 14:17:55 에 등록된 네이버 페이 구매평)
[ODD STUDIO] 또또또 친구들 선캡_껴또,340,만족 ,네****,2020-06-24 05:12:11,씌워노으니 넘 귀엽네용(2020-06-23 14:17:45 에 등록된 네이버 페이 구매평)
[ODD STUDIO] 시원쏘쿨 베스트_옐로우,339,시원하고옷도사진이랑같고사이즈도잘맞아요ㅎㅎ입혀서산책나갓더니완전신낫어요 ,네****,2020-06-24 04:57:22,시원하고옷도사진이랑같고사이즈도잘맞아요ㅎㅎ@>@입혀서산책나갓더니완전신낫어요(2020-06-23 18:32:17 에 등록된 네이버 페이 구매평)
[ODD STUDIO]  누또 크롭 탱크탑,338,옷이 넘 귀여워용 아기가 입어니 더 귀여워용 ,네****,2020-06-24 02:38:19,옷이 넘 귀여워용 아기가 입어니 더 귀여워용(2020-06-23 08:24:52 에 등록된 네이버 페이 구매평)
[ODD STUDIO] 또또또 친구들 선캡_따또,337,그냥 너무 귀여워요 고글도 있는데 모자가 간편하게 쓰고 나가기 편해요 [1],네****,2020-06-23 02:44:34,그냥 너무 귀여워요 고글도 있는데 모자가 간편하게 쓰고 나가기 편해요(2020-06-22 09:28:09 에 등록된 네이버 페이 구매평)
[ODD STUDIO] 또또또 친구들 선캡_누또,336,정말 귀여워요❤️ 그런데 머리를 흔들면 쏙 빠져버리는데 다들 어떻게 고정시키시나요 ㅠㅠ ,네****,2020-06-23 02:17:29,정말 귀여워요❤️ 그런데 머리를 흔들면 쏙 빠져버리는데 다들 어떻게 고정시키시나요 ㅠㅠ(2020-06-22 00:56:19 에 등록된 네이버 페이 구매평)
,329,이쁜 썬캡 최고에요❤️❤️애들이 흔들어도 안떨어지고 너무 이뽀요 ,네****,2020-06-20 02:45:58,이쁜 썬캡 최고에요❤️❤️@>@애들이 흔들어도 안떨어지고 너무 이뽀요(2020-06-19 09:15:50 에 등록된 네이버 페이 구매평)
,328,너무 이쁘고 튼튼해요! 아가들 햇빛쎈데 눈 보호도되요 사장님도 진짜 친절합니다❤️대형견 소형견 가능해... ,네****,2020-06-20 02:45:57,너무 이쁘고 튼튼해요! 아가들 햇빛쎈데 눈 보호도되요 사장님도 진짜 친절합니다❤️@>@대형견 소형견 가능해요! 저희집 시베리안허스키 말티즈 다착용했어요(2020-06-19 09:14:49 에 등록된 네이버 페이 구매평)
[ODD STUDIO] 오댕댕 너맘보 커플티_10 COLORS,327,배송은 약간 느렸지만 너무 이뻐요 ,네****,2020-06-19 04:13:59,배송은 약간 느렸지만 너무 이뻐요(2020-06-18 16:27:28 에 등록된 네이버 페이 구매평)
[ODD STUDIO] 오댕댕 너맘보 커플티_10 COLORS,326,배송은 약간 느렸지만 너무 이뻐요 ,네****,2020-06-19 04:13:59,배송은 약간 느렸지만 너무 이뻐요(2020-06-18 16:27:00 에 등록된 네이버 페이 구매평)
[ODD STUDIO] 또또또 친구들 선캡_껴또,325,요즘같이 햇빛 심한 여름에 필수템이에요! ,네****,2020-06-19 03:26:20,요즘같이 햇빛 심한 여름에 필수템이에요!(2020-06-18 12:49:33 에 등록된 네이버 페이 구매평)
[ODD STUDIO] 또또또 친구들 선캡_따또,324,보통 ,네****,2020-06-19 03:10:58,사이즈가 좀 애매해서 잘 맞을지 몰라서 고민했는데 선물 주려고 산거라 댕댕 머리 보러 갈 수도 없어서 그냥 큰거 삼. 사진보니 사이즈는 괜찮아보였음(2020-06-18 08:35:15 에 등록된 네이버 페이 구매평)
[베스트에버] 파 바스락삑삑 토이,323,보통 ,네****,2020-06-19 03:10:58,선물한거라 사진은 없는데 댕댕쓰 대만족 했다는 소식을 받음. 부실하게 생겨서 10분컷일 줄 알았는데 생각보다 튼튼쓰(2020-06-18 08:33:57 에 등록된 네이버 페이 구매평)
[ODD STUDIO] 또또또 친구들 선캡_따또,322,이뽀욤. ㅎㅎ말해뭐합니까. 근대 다만 귀가 옆으로 쳐진친구들은 귀넣기가 좀 애매합니다. 귀 넣는위치가 한... ,네****,2020-06-18 04:51:13,이뽀욤. ㅎㅎ말해뭐합니까. 근대 다만 귀가 옆으로 쳐진친구들은 귀넣기가 좀 애매합니다. 귀 넣는위치가 한 중간정도 있거나 밑에까지 찟어져있음 조금 편할꺼 같았단 아쉬움이 듭니다.(2020-06-17 18:03:06 에 등록된 네이버 페이 구매평)
[ODD STUDIO] 또또또 친구들 선캡_따또,321,너모 귀여워요... 귀위치가 살짝 않맞아요상품에 비하면 가격이 비싸긴하네요. ,네****,2020-06-18 02:58:43,너모 귀여워요... 귀위치가 살짝 않맞아요@>@상품에 비하면 가격이 비싸긴하네요.(2020-06-17 10:13:35 에 등록된 네이버 페이 구매평)
[ODD STUDIO] 또또또 친구들 선캡_따또,314,강아지 28kg L사이즈 핏이 이상해요 ㅠㅠ ,덤****,2020-06-18 02:58:43,너모 귀여워요... 귀위치가 살짝 않맞아요@>@상품에 비하면 가격이 비싸긴하네요.(2020-06-17 10:13:35 에 등록된 네이버 페이 구매평)
,313,예쁘고 편하게 씌우겠어요^^ ,네****,2020-06-15 02:45:02,예쁘고 편하게 씌우겠어요^^(2020-06-14 09:31:38 에 등록된 네이버 페이 구매평)
,312,강아지한테 잘 어울려요 ㅎㅎ ,네****,2020-06-13 05:21:08,강아지한테 잘 어울려요 ㅎㅎ(2020-06-12 21:25:19 에 등록된 네이버 페이 구매평)
[ODD STUDIO] 껴또 크롭 탱크탑,311,잘맞고 너무 귀여워요^^ ,네****,2020-06-12 04:04:45,잘맞고 너무 귀여워요^^(2020-06-11 15:40:11 에 등록된 네이버 페이 구매평)
[ODD STUDIO] 따또 크롭 탱크탑,310,강아지키우는 친구 선물주려고 구매햇는데너무 좋아하네요^^ ,네****,2020-06-12 04:04:45,강아지키우는 친구 선물주려고 구매햇는데@>@너무 좋아하네요^^(2020-06-11 15:39:34 에 등록된 네이버 페이 구매평)
,309,                        강아지키우는 친구 선물주려고 구매햇는데너무 좋아하네요^^ ,oddpet,2020-06-17 10:32:50, 감사합니다 :) [ Original Message ]  강아지키우는 친구 선물주려고 구매햇는데@>@너무 좋아하네요^^(2020-06-11 15:39:34 에 등록된 네이버 페이 구매평)
[ODD STUDIO]  누또 크롭 탱크탑,308,너무귀여워용~~^^ ,네****,2020-06-12 04:04:45,너무귀여워용~~^^(2020-06-11 15:38:41 에 등록된 네이버 페이 구매평)
[ODD STUDIO] 또또또 친구들 선캡_껴또,307,기존에 쓰던 모자보다 햇빛이 잘 가려집니다 좋아요 이뻐요 ,네****,2020-06-11 05:41:02,기존에 쓰던 모자보다 햇빛이 잘 가려집니다 좋아요 이뻐요(2020-06-10 21:00:51 에 등록된 네이버 페이 구매평)
[ODD STUDIO] 또또또 친구들 선캡_누또,306,만족 ,네****,2020-06-11 04:51:47,빠른배송 너무 감사합니다(2020-06-10 14:11:22 에 등록된 네이버 페이 구매평)
[ODD STUDIO] 누또 노즈워크 장난감 ❤사업자회원전용❤,299,만족 ,네****,2020-06-05 05:18:26,너무귀여워요 우리아이가 너무좋아라합니다(2020-06-04 17:26:45 에 등록된 네이버 페이 구매평)
[ODD STUDIO] 해또 인형 방수헤어밴드 (스누드),298,만족 ,네****,2020-05-25 03:08:40,강아지 목욕시킬때 너무 좋을거 갈아요(2020-05-24 10:48:33 에 등록된 네이버 페이 구매평)
[ODD STUDIO] 껴또 인형 방수헤어밴드 (스누드),297,만족 ,네****,2020-05-23 03:48:55,색감이며 이쁘고 마음에 듭니다(2020-05-22 12:33:00 에 등록된 네이버 페이 구매평)
,296,보통 ,네****,2020-05-22 03:31:37,2kg여아 말티즈 구입했어요@>@아가가 작아서 안맞으면 어쩌나 걱정했는데 사이즈도 괜찮네요@>@적응만 잘 시키면 될거같애요(2020-05-21 11:01:23 에 등록된 네이버 페이 구매평)
[ODD STUDIO] 해또 인형 방수헤어밴드 (스누드),295,만족 ,네****,2020-05-16 04:45:41,넘귀엽구 귀를가려줘서 목욕할때 편할거같습니다.(2020-05-15 19:13:32 에 등록된 네이버 페이 구매평)
[ODD STUDIO] 껴또 인형 방수헤어밴드 (스누드),294,배송 빠르고 방수라 좋아요 ,네****,2020-05-13 04:52:40,배송 빠르고 방수라 좋아요(2020-05-12 21:16:37 에 등록된 네이버 페이 구매평)
,293,눈보호하려고 구매했어요 ,네****,2020-05-13 02:58:10,눈보호하려고 구매했어요(2020-05-12 12:22:04 에 등록된 네이버 페이 구매평)
,292,기여워요!! 귀넣는게 쫌 애매한거같긴한데 기여움.. ,네****,2020-05-10 02:59:33,기여워요!! 귀넣는게 쫌 애매한거같긴한데 기여움..(2020-05-09 11:20:31 에 등록된 네이버 페이 구매평)
,291,귀여워요 ,윤****,2020-05-08 13:48:51,크기가 꽤크네용
[ODD STUDIO] 껴또 양면 스카프,284,만족 ,네****,2020-04-03 02:59:08,너무 앙증 맞고 귀여워요(2020-04-02 08:13:46 에 등록된 네이버 페이 구매평)
,283,?? ,ㅁ****,2020-04-02 18:49:00,다른 데서 만원대에 파는 걸 여기선 사만원대에 파네요. 한놈만 걸려라 이런건가요?
,282,너무 좋은 구성이에요!!! 장난감도 너무 좋아해요! ,네****,2020-04-02 03:10:35,너무 좋은 구성이에요!!! 장난감도 너무 좋아해요!(2020-04-01 11:41:15 에 등록된 네이버 페이 구매평)
,281,예쁘긴한데 착용하고 벗고가 불편해요 ,네****,2020-03-30 02:53:35,예쁘긴한데 착용하고 벗고가 불편해요(2020-03-29 13:26:46 에 등록된 네이버 페이 구매평)
,280,전에 가지고놀던거 찢어서져 새로사줬어요 ,네****,2020-03-29 04:40:35,전에 가지고놀던거 찢어서져 새로사줬어요(2020-03-28 23:36:09 에 등록된 네이버 페이 구매평)
,279,저 크레용은 아예 없는게 더좋울뻔...상태가 너무 별로에요...ㅠ ,네****,2020-03-29 03:47:23,저 크레용은 아예 없는게 더좋울뻔...상태가 너무 별로에요...ㅠ(2020-03-28 17:33:09 에 등록된 네이버 페이 구매평)
,278,크롭 너무 귀여워요 ,김****,2020-03-26 21:03:19,입으니 더더더더 예뻐요@>@다른 색상도 구매해야겠어욥
,277,핑크도 예뻐욥 ,김****,2020-03-26 20:58:13,두 색상 다 구매했는데 두개 다 너무 예뻐요 신축성이 많은 옷은 아니여서 한사이즈 업해도 좋을꺼 같아욥
,276,만족 ,네****,2020-03-25 03:06:10,너무 귀엽고 애기가 편해해요!!(2020-03-24 10:08:47 에 등록된 네이버 페이 구매평)
,269,아이 눈에 백내장이 와서 야외 산책시 햇빛을 차단해야 눈에 무리가 안가서 의사 선생님 추천으로 썬캡을 구... ,네****,2020-03-12 04:28:27,아이 눈에 백내장이 와서 야외 산책시 햇빛을 차단해야 눈에 무리가 안가서 의사 선생님 추천으로 썬캡을 구매했습니다. 내구성도 좋고@/@ 모자 디자인도 사랑스럽고 귀여워요.(2020-03-11 20:23:48 에 등록된 네이버 페이 구매평)
,268,만족 ,네****,2020-03-12 03:06:34,아직 쓸일이없어서 모셔두고있지만 크기도 딱맞고 넘 좋은거같아요^^다음에 사진올려 드릴께용^^(2020-03-11 09:10:01 에 등록된 네이버 페이 구매평)
,267,만족 ,네****,2020-03-12 03:02:00,ㅎㅎㅎ울강쥐가 삑삑소리가 넘좋은가봐요^^완전 잘가지고 놀아용^^(2020-03-11 08:45:47 에 등록된 네이버 페이 구매평)
,266,만족 ,네****,2020-03-12 03:02:00,ㅎㅎㅎ울강쥐가 넘좋아해요^^(2020-03-11 08:45:05 에 등록된 네이버 페이 구매평)
,265,만족 ,네****,2020-03-12 03:02:00,ㅎㅎㅎ울강쥐가 종일 삑삑거려서 잠도못자겠어요^^완전 좋아해용(2020-03-11 08:44:37 에 등록된 네이버 페이 구매평)
,264,너무 좋은가격에 샀어요 ,네****,2020-03-05 03:06:01,너무 좋은가격에 샀어요(2020-03-04 13:16:24 에 등록된 네이버 페이 구매평)
,263,너무 좋은가격에 샀어요 ,네****,2020-03-05 03:06:00,너무 좋은가격에 샀어요(2020-03-04 13:15:55 에 등록된 네이버 페이 구매평)
,262,만족 ,네****,2020-02-24 03:53:25,좋아요 맘에들어요 강아지가 좋아해요(2020-02-23 14:35:20 에 등록된 네이버 페이 구매평)
,261,보통 ,네****,2020-02-23 04:08:46,첫단추가 어디갔나없어짐.. 때 잘타고 그럼. 디자인은 나쁘지않은데 아쉽네요(2020-02-22 14:32:11 에 등록된 네이버 페이 구매평)
,254,만족 ,네****,2020-02-18 05:11:50,세일해서 저렴한 가격에 득템했어요(2020-02-17 18:15:44 에 등록된 네이버 페이 구매평)
,253,만족 ,네****,2020-02-18 04:52:54,정말정말 완전좋아용(2020-02-17 16:46:10 에 등록된 네이버 페이 구매평)
,252,만족 ,네****,2020-02-18 04:52:54,이가격에 넘넘 감사드려용(2020-02-17 16:44:47 에 등록된 네이버 페이 구매평)
[ODD STUDIO] 껴또 노즈워크 장난감 ❤사업자회원전용❤,251,만족 ,네****,2020-02-17 05:16:40,강아지가 너무 좋아해요^^(2020-02-16 22:31:37 에 등록된 네이버 페이 구매평)
,250,불만족 ,네****,2020-02-16 05:30:52,아무도 이거사지 마셈 사은품이 가방값정도로 온거같아 걍 내가방으로 쓸꺼임 멍머가방으로 절데 쓰지마셈(2020-02-15 21:16:22 에 등록된 네이버 페이 구매평)
,249,고급스러워요! ,노****,2020-02-13 13:20:08,크기도 넉넉하고 디자인도 이뻐요!
,248,실제로보니 넘 이뻐요! ,노****,2020-02-13 13:18:25,아이가 넘 좋아해요❤
,247,만족 ,네****,2020-02-09 02:45:44,향도 좋고 다 좋아요. 좀 비싸서 그렇지.(2020-02-08 14:41:11 에 등록된 네이버 페이 구매평)
,246,보통 ,네****,2020-02-09 02:45:44,천일줄 알았는데 천이 아니고 털이였음;;(2020-02-08 14:40:50 에 등록된 네이버 페이 구매평)
,239,보통 ,네****,2020-01-16 02:47:07,좀 고급져요 이쁨니다(2020-01-15 17:22:02 에 등록된 네이버 페이 구매평)
,238,너무 예쁩니다~ ,이****,2020-01-04 02:59:08,너무 고급스럽고 예뻐서 가끔 제가 쓸 때도 있어요~
,237,만족 ,네****,2019-12-31 02:44:28,배송도 빠르고 디자인이 예쁩니다! 만족합니다(2019-12-30 17:18:59 에 등록된 네이버 페이 구매평)
[ODD STUDIO] 누또 노즈워크 장난감 ❤사업자회원전용❤,236,만족 ,네****,2019-12-24 02:32:25,잘 안가지고 놀까봐 걱정했는데 간식넣어주니까 완전 환장하고 먹네요 코도 엄청 많이쓰구요 너무 잘가지고 놀아서 사주길 잘한것같아요ㅎㅎ(2019-12-23 10:46:07 에 등록된 네이버 페이 구매평)
,235,만족 ,네****,2019-12-14 02:36:31,좋은상품 감사합니다.(2019-12-13 12:07:12 에 등록된 네이버 페이 구매평)
[ODD STUDIO] 따또 노즈워크 장난감 ❤사업자회원전용❤,234,만족 ,네****,2019-12-13 02:39:09,너누 ㅇ쿠ㅏ나어추우앙(2019-12-12 14:13:34 에 등록된 네이버 페이 구매평)
[ODD STUDIO] 누또 노즈워크 장난감 ❤사업자회원전용❤,233,만족 ,네****,2019-12-13 02:39:09,애오오ㅡㅇ나여ㅜ우턑어네(2019-12-12 14:13:30 에 등록된 네이버 페이 구매평)
[BECO PETS] 비코 볼 RBL-001❤사업자회원전용❤,232,만족 ,네****,2019-11-21 03:07:42,애기가넘좋아해요좋아요좋아요(2019-11-20 23:33:07 에 등록된 네이버 페이 구매평)
[BECO PETS] 비코 볼 RBL-001❤사업자회원전용❤,231,만족 ,네****,2019-11-21 03:07:42,애기가 이 제품에 환장해요 갖고놀던게 구멍나서 버리고 1년을 찾아다녔는데 판매해주셔서 감사해요 지금도 공물어뜯고 난리났어요 ㅎㅎ 튼튼하고 아가용품도 만드는 회사이니 믿고 구매합니다(2019-11-20 23:32:20 에 등록된 네이버 페이 구매평)
,224,만족 ,네****,2019-11-04 02:36:31,재질도 좋고 신축성이 좋아서 입고벗기기도 편해요 등길이가 26이고 살이쪄서 가슴둘레가 40인데 잘맞아요(2019-11-03 14:04:56 에 등록된 네이버 페이 구매평)
,223,만족 ,네****,2019-11-04 02:36:25,색감도 너무예쁘고 재질도 좋아요 신축성이 좋아입히고 벗기는것도 편하네요^^(2019-11-03 14:02:54 에 등록된 네이버 페이 구매평)
,222,넘 예쁘죠 ,이****,2019-10-21 20:35:27,크~~고급지고 쥑이네요~~^^♡
,221,보통 ,네****,2019-10-05 02:38:58,아직 안써봤는데 귀여우니 만족(2019-10-04 14:30:46 에 등록된 네이버 페이 구매평)
,220,만족 ,네****,2019-10-05 02:38:58,너무 귀여워요 ㅋㅋㅋ배꼽티입은 느낌 ㅋ(2019-10-04 14:30:12 에 등록된 네이버 페이 구매평)
,219,불만족 ,네****,2019-10-05 02:38:58,흑 뒤늦게 알아차려서 사이즈가 잘못왔어요ㅠ 그림의떡....(2019-10-04 14:29:26 에 등록된 네이버 페이 구매평)
,218,M사이즈 재입고 문의 ,우****,2019-10-05 02:38:58,흑 뒤늦게 알아차려서 사이즈가 잘못왔어요ㅠ 그림의떡....(2019-10-04 14:29:26 에 등록된 네이버 페이 구매평)
,217,                        M사이즈 재입고 문의 ,oddpet,2019-10-05 02:38:58,흑 뒤늦게 알아차려서 사이즈가 잘못왔어요ㅠ 그림의떡....(2019-10-04 14:29:26 에 등록된 네이버 페이 구매평)
,216,만족 ,네****,2019-09-23 02:44:12,잘만들었는데요 생각보다 잘벗겨제요..ㅋㅋ그래도만족해요(2019-09-22 18:29:15 에 등록된 네이버 페이 구매평)
,209,보통 ,네****,2019-08-30 02:50:33,가방 모양 자체는 예쁘고 귀여운데 안내에는 7kg까지 사용가능하다고 되어있는데 아이가 5kg인데 잘 안맞습니다 m사이즈 이하의 아이들에게만 적합해요(2019-08-29 20:04:05 에 등록된 네이버 페이 구매평)
,208,만족 ,네****,2019-08-30 02:41:46,저희애가머리가큰지모델견핏은아니지만착용하니넘귀여워요ㅋㅋ(2019-08-29 15:04:41 에 등록된 네이버 페이 구매평)
,207,만족 ,네****,2019-08-30 02:41:46,사이즈도딱맞고화사하니이뻐요~여름시작할때살껄후회했어요ㅠ.ㅠ내년에도이디자인있음봄에컬러대로주문해야겠어요~(2019-08-29 15:03:45 에 등록된 네이버 페이 구매평)
,206,만족 ,네****,2019-08-28 02:32:52,너무너무이쁜데 애기머리가워낙작아서 좀커용ㅋㅋ(2019-08-27 11:56:15 에 등록된 네이버 페이 구매평)
,205,불만족 ,네****,2019-08-17 02:37:03,주자마자 힌 뿔 잘라서 먹을뻔했어요 @>@이렇게 약해서 어찌줘요(2019-08-16 13:02:46 에 등록된 네이버 페이 구매평)
,204,만족 ,네****,2019-08-17 02:36:07,완전예뻐요 모자랑세트로입었는데졸귀(2019-08-16 12:33:00 에 등록된 네이버 페이 구매평)
,203,만족 ,네****,2019-08-17 02:36:07,완전귀엽고 끈도묶는게아니고 조이는거라 좋아요(2019-08-16 12:32:35 에 등록된 네이버 페이 구매평)
,202,만족 ,네****,2019-08-12 02:27:20,배송에착오는있었으나..진작구매할걸그랬어요(2019-08-11 10:11:26 에 등록된 네이버 페이 구매평)
,201,                        만족 ,oddpet,2019-08-12 09:50:18,안녕하세요 오드펫 입니다. 먼저@/@ 배송으로 인한 불편을 드려 정말 죄송합니다. ㅜㅜ앞으로 더 좋은 상품과 서비스로 보답하겠습니다. 감사합니다 :)  [ Original Message ]  배송에착오는있었으나..진작구매할걸그랬어요(2019-08-11 10:11:26 에 등록된 네이버 페이 구매평) 
,194,만족 ,네****,2019-07-26 02:39:21,가격 대비 완전 좋아요!!!!! 강아지 세수 시키거나 스파 할때 쓰면 유용할거 같아요(2019-07-25 13:08:55 에 등록된 네이버 페이 구매평)
,193,불만족 ,네****,2019-07-26 02:39:21,크기도 적당하고 디자인도 이뻐요 다 좋은데 팩을 냉동실에 넣어놨다가 커버에 끼면 겉에 물기가 생겨요  제가 잘못 사용 하는건지...(2019-07-25 13:06:06 에 등록된 네이버 페이 구매평)
,192,만족 ,네****,2019-07-25 02:58:54,배송이 진짜 빠르네요(2019-07-24 22:53:16 에 등록된 네이버 페이 구매평)
,191,보통 ,네****,2019-07-24 02:49:50,귀여워요 근데별로안좋아하네요(2019-07-23 20:14:15 에 등록된 네이버 페이 구매평)
,190,보통 ,네****,2019-07-24 02:49:50,귀여워요 근데별로 안좋아하네요(2019-07-23 20:13:57 에 등록된 네이버 페이 구매평)
,189,넘이쁘고귀여워용~~♡♡ ,김****,2019-07-23 11:30:37,택배받자마자씌웠는데너무이쁘고귀여워용~~어플을사용해서찍긴했지만그래도이쁘고좋아용~~모자첨써보는울콩이한테가볍고씌우기편해서좋은것같아용~~휴가갈때씌워줄라고산건데잘산것같아용~~가격대비만족해용~~배송두빠르네용~~
,188,보통 ,네****,2019-07-23 02:45:52,귀여워여 감사합니다(2019-07-22 17:44:21 에 등록된 네이버 페이 구매평)
,187,만족 ,네****,2019-07-14 02:36:52,너무이쁘고좋아요 최고(2019-07-13 10:20:46 에 등록된 네이버 페이 구매평)
,186,만족 ,네****,2019-07-14 02:36:51,너무너뮈이쁘고좋아용(2019-07-13 10:20:32 에 등록된 네이버 페이 구매평)
,179,                        쿠폰신청입니다 ,oddpet,2019-07-14 02:36:51,너무너뮈이쁘고좋아용(2019-07-13 10:20:32 에 등록된 네이버 페이 구매평)
,178,보통 ,네****,2019-05-23 02:53:11,너무 작아서 다른사람 줫어요 ㅠㅠ(2019-05-22 19:58:06 에 등록된 네이버 페이 구매평)
,177,엄청 잘 가지구 노네욤 ,김****,2019-05-13 11:54:21,비버씨 바스락거려서 엄청 좋아해요방석이나 쇼파위에서 가지구 놀다가 떨어뜨리면망연자실함ㅋㅋㅋ사주길 정말 잘했어요 심지어 비버씨 얼굴 귀여워서 뜯길때마다 안쓰럽ㅋㅋㅋ
,176,만족 ,네****,2019-05-10 02:41:01,강아지 물티슈 떨어져서 구매했는데 너무 조아요(2019-05-09 14:26:52 에 등록된 네이버 페이 구매평)
,175,만족 ,네****,2019-05-09 02:31:12,잘 가지고 놀아요~~(2019-05-08 11:40:46 에 등록된 네이버 페이 구매평)
,174,만족 ,네****,2019-05-09 02:31:12,강아지가 좋아해서 저도 좋아요~^^(2019-05-08 11:40:24 에 등록된 네이버 페이 구매평)
,173,만족 ,네****,2019-05-09 02:31:12,강아지가 너무 좋아해요.@>@잘가지고 놀아요.^^(2019-05-08 11:39:53 에 등록된 네이버 페이 구매평)
,172,만족 ,네****,2019-05-06 02:29:29,가격이 비싸서 망설엿는데 주변에서 좋다고해서 쓰게되엇어요@/@@/@ 가격만 착하면 적극추천@>@향이 너무너무 좋아야(2019-05-05 10:58:35 에 등록된 네이버 페이 구매평)
,171,너무너무이뻐요~~~ ,박****,2019-05-02 19:05:34,남자아이라파란색주문했다가품절됐다고연락이와서핑크로바꿨는데~~후회없어요~~너무이뻐요~~
[팜컴퍼니] 컬러 마우스 토이 G-MIX155,164,만족 ,네****,2019-04-02 02:38:07,강아지가 너무 좋아해요 또 살거에요!(2019-04-01 12:48:31 에 등록된 네이버 페이 구매평)
,163,만족 ,네****,2019-04-01 02:46:52,산책후 간편하게 사용하기 너무 좋은거같아요(2019-03-31 20:57:54 에 등록된 네이버 페이 구매평)
,162,보통 ,네****,2019-03-22 02:33:57,크기가 커서 좋긴한대 향이 좀 강한지 강아지가 기침을 좀 하네요(2019-03-21 13:29:14 에 등록된 네이버 페이 구매평)
,161,                        보통 ,oddpet,2019-03-22 15:00:07, [ Original Message ]  크기가 커서 좋긴한대 향이 좀 강한지 강아지가 기침을 좀 하네요(2019-03-21 13:29:14 에 등록된 네이버 페이 구매평)
,160,보통 ,네****,2019-03-18 10:21:43,어두운 라벤더 색상이고 좀만 긁혀도 쉽게 올이 나가네요 ㅠㅠ(2019-03-16 00:37:19 에 등록된 네이버 페이 구매평)
,159,보통 ,네****,2019-03-18 10:21:43,색상은 보기보단 실짝 어두운 라벤더 색상이고 원단은 부드럽긴 한데 스크래치 생기듯 올이 잘 풀리는 원단이라 오래 입히긴 좀 어려울듯해요 ㅠㅠ(2019-03-16 00:36:02 에 등록된 네이버 페이 구매평)
,158,쿠폰 신청이요~ ,한****,2019-03-18 10:21:43,색상은 보기보단 실짝 어두운 라벤더 색상이고 원단은 부드럽긴 한데 스크래치 생기듯 올이 잘 풀리는 원단이라 오래 입히긴 좀 어려울듯해요 ㅠㅠ(2019-03-16 00:36:02 에 등록된 네이버 페이 구매평)
,157,                        쿠폰 신청이요~ ,oddpet,2019-03-18 10:21:43,색상은 보기보단 실짝 어두운 라벤더 색상이고 원단은 부드럽긴 한데 스크래치 생기듯 올이 잘 풀리는 원단이라 오래 입히긴 좀 어려울듯해요 ㅠㅠ(2019-03-16 00:36:02 에 등록된 네이버 페이 구매평)
,156,쿠폰신청이요~ ,원****,2019-03-18 10:21:43,색상은 보기보단 실짝 어두운 라벤더 색상이고 원단은 부드럽긴 한데 스크래치 생기듯 올이 잘 풀리는 원단이라 오래 입히긴 좀 어려울듯해요 ㅠㅠ(2019-03-16 00:36:02 에 등록된 네이버 페이 구매평)
,149,                        쿠폰신청이요~ ,oddpet,2019-03-18 10:21:43,색상은 보기보단 실짝 어두운 라벤더 색상이고 원단은 부드럽긴 한데 스크래치 생기듯 올이 잘 풀리는 원단이라 오래 입히긴 좀 어려울듯해요 ㅠㅠ(2019-03-16 00:36:02 에 등록된 네이버 페이 구매평)
,148,쿠폰신청이요~ ,박****,2019-03-18 10:21:43,색상은 보기보단 실짝 어두운 라벤더 색상이고 원단은 부드럽긴 한데 스크래치 생기듯 올이 잘 풀리는 원단이라 오래 입히긴 좀 어려울듯해요 ㅠㅠ(2019-03-16 00:36:02 에 등록된 네이버 페이 구매평)
,147,                        쿠폰신청이요~ ,oddpet,2019-03-18 10:21:43,색상은 보기보단 실짝 어두운 라벤더 색상이고 원단은 부드럽긴 한데 스크래치 생기듯 올이 잘 풀리는 원단이라 오래 입히긴 좀 어려울듯해요 ㅠㅠ(2019-03-16 00:36:02 에 등록된 네이버 페이 구매평)
,146,쿠폰신청이요~! ,박****,2019-03-18 10:21:43,색상은 보기보단 실짝 어두운 라벤더 색상이고 원단은 부드럽긴 한데 스크래치 생기듯 올이 잘 풀리는 원단이라 오래 입히긴 좀 어려울듯해요 ㅠㅠ(2019-03-16 00:36:02 에 등록된 네이버 페이 구매평)
,145,                        쿠폰신청이요~! ,oddpet,2019-03-18 10:21:43,색상은 보기보단 실짝 어두운 라벤더 색상이고 원단은 부드럽긴 한데 스크래치 생기듯 올이 잘 풀리는 원단이라 오래 입히긴 좀 어려울듯해요 ㅠㅠ(2019-03-16 00:36:02 에 등록된 네이버 페이 구매평)
,144,쿠폰신청이요~ ,김****,2019-03-18 10:21:43,색상은 보기보단 실짝 어두운 라벤더 색상이고 원단은 부드럽긴 한데 스크래치 생기듯 올이 잘 풀리는 원단이라 오래 입히긴 좀 어려울듯해요 ㅠㅠ(2019-03-16 00:36:02 에 등록된 네이버 페이 구매평)
,143,                        쿠폰신청이요~ ,oddpet,2019-03-18 10:21:43,색상은 보기보단 실짝 어두운 라벤더 색상이고 원단은 부드럽긴 한데 스크래치 생기듯 올이 잘 풀리는 원단이라 오래 입히긴 좀 어려울듯해요 ㅠㅠ(2019-03-16 00:36:02 에 등록된 네이버 페이 구매평)
,142,쿠폰신청합니다. ,박****,2019-03-18 10:21:43,색상은 보기보단 실짝 어두운 라벤더 색상이고 원단은 부드럽긴 한데 스크래치 생기듯 올이 잘 풀리는 원단이라 오래 입히긴 좀 어려울듯해요 ㅠㅠ(2019-03-16 00:36:02 에 등록된 네이버 페이 구매평)
,141,                        쿠폰신청합니다. ,oddpet,2019-03-18 10:21:43,색상은 보기보단 실짝 어두운 라벤더 색상이고 원단은 부드럽긴 한데 스크래치 생기듯 올이 잘 풀리는 원단이라 오래 입히긴 좀 어려울듯해요 ㅠㅠ(2019-03-16 00:36:02 에 등록된 네이버 페이 구매평)
,134,만족 ,네****,2019-01-10 11:44:07,향기가 너무 좋아요(2019-01-10 01:13:37 에 등록된 네이버 페이 구매평)
,133,만족 ,네****,2019-01-02 02:29:13,향기 진짜 오래가요!!(2019-01-01 17:06:54 에 등록된 네이버 페이 구매평)
,132,만족 ,네****,2019-01-02 02:29:13,향이 너무좋아요. 물기가 좀 없나 싶은데 막상 닦아보면 목욕한거처럼 흥건해져요. 향이 오래가서 너무좋아요(2019-01-01 17:05:58 에 등록된 네이버 페이 구매평)
,131,벌써 세번째 구매합니다^^ ,반****,2019-01-01 23:31:08,우연히 저단백질사료를 알아보다@>@알게된 오드펫이였어요^^@>@벌써 저희 아이가 4살인데 전에 사료엔 항상 간식들을 뿌려줘야 먹던아이였는데 이 사료는 처음부터 아무것도 뿌려주지 않았는데도 잘 먹더라구요^^ㅎㅎㅎ@>@병원에서 이제 저단백사료를 먹어야한다고해서 걱정했는데@>@다행이 잘 먹어주고 있어서 고마워요^^@>@믿을수 있는 사료라 더 좋습니다^^ㅎㅎㅎ
,130,만족 ,네****,2018-12-25 02:45:12,너무너무너무만족합니다(2018-12-24 17:14:35 에 등록된 네이버 페이 구매평)
,129,제품 ,이****,2018-12-11 16:59:43,제가 인디핑크와 핑크 그리고만다린색을 주문했습니다.@>@인디핑크는 엑스스몰을주문했는데요 엑스스몰을 보내신게 맞자요? 그리고핑크를주문했는데 레드가왔습니다@>@네이버페이로주문했고요 고객센터는 없는번호이군여@>@어떻게해야하나요??
,128,만족 ,네****,2018-12-05 02:40:41,요런스탈을 찾고있었어요  사이즈가 적은감은 있지만 가볍고 귀엽네요(2018-12-04 15:30:07 에 등록된 네이버 페이 구매평)
[BECO PETS] 비코 볼 RBL-001❤사업자회원전용❤,127,만족 ,네****,2018-11-30 02:26:47,볼은 좋은데.. 강아지가 별 관심 없어하네요ㅠㅠ(2018-11-29 09:28:40 에 등록된 네이버 페이 구매평)
[BECO PETS] 비코 볼 RBL-001❤사업자회원전용❤,126,만족 ,네****,2018-11-30 02:26:47,볼은 좋은데.. 강아지가 별 관심 없어하네요ㅠㅠ(2018-11-29 09:28:27 에 등록된 네이버 페이 구매평)
[BECO PETS] 비코 볼 RBL-001❤사업자회원전용❤,119,만족 ,네****,2018-10-16 02:49:26,가지고 잘 놀아용(2018-10-15 18:12:48 에 등록된 네이버 페이 구매평)
[BECO PETS] 비코 볼 RBL-001❤사업자회원전용❤,118,만족 ,네****,2018-10-16 02:49:26,가지고 잘 놀아요(2018-10-15 18:12:48 에 등록된 네이버 페이 구매평)
,117,만족 ,네****,2018-10-15 09:46:57,만족합니다(2018-10-13 18:53:52 에 등록된 네이버 페이 구매평)
,116,만족 ,네****,2018-10-15 09:46:57,만족합니다(2018-10-13 18:53:52 에 등록된 네이버 페이 구매평)
,115,만족 ,네****,2018-10-15 09:46:57,만족합니다(2018-10-13 18:53:52 에 등록된 네이버 페이 구매평)
,114,만족 ,네****,2018-10-15 09:46:57,만족합니다(2018-10-13 18:53:52 에 등록된 네이버 페이 구매평)
,113,                        구매 후기입니다 ,김****,2018-10-14 08:23:58, [ Original Message ]  모색이 까만 까미에게 잘어울리네요 형광 블루 랄까 보퍼플색이랄까  두가지색으로 신비하고 고급스러움과 가죽 재질이 부드러워서 착용시 피부에 부담이 없을것 같네요
,112,                            구매 후기입니다 ,김****,2018-10-14 08:26:32, [ Original Message ]   [ Original Message ]  모색이 까만 까미에게 잘어울리네요 형광 블루 랄까 보퍼플색이랄까  두가지색으로 신비하고 고급스러움과 가죽 재질이 부드러워서 착용시 피부에 부담이 없을것 같네요
,111,만족 ,네****,2018-10-10 02:38:12,견고하게 만들어진거 같아요(2018-10-09 18:22:15 에 등록된 네이버 페이 구매평)
,104,만족 ,네****,2018-09-12 02:48:31,우이리이너아(2018-09-11 20:51:11 에 등록된 네이버 페이 구매평)
,103,만족 ,네****,2018-08-25 02:31:59,지인 추천으로 구매했는데 좋네요~(2018-08-24 12:09:08 에 등록된 네이버 페이 구매평)
[BECO PETS] 비코 친환경 풉백❤사업자회원전용❤,102,만족 ,네****,2018-08-23 02:50:46,댕댕이 똥주머니 없어서 구매했는데 넘 조아요(2018-08-22 17:30:06 에 등록된 네이버 페이 구매평)
,101,만족 ,네****,2018-08-23 02:50:46,냄새도 너무 좋고 잘 쓸게요(2018-08-22 17:30:06 에 등록된 네이버 페이 구매평)
,100,만족 ,네****,2018-08-23 02:50:46,저번에 구매하고 또 구매했어요. 넘 잘쓰고 있어요(2018-08-22 17:30:06 에 등록된 네이버 페이 구매평)
[BECO PETS] 비코 친환경 풉백❤사업자회원전용❤,99,만족 ,네****,2018-08-19 02:50:03,향잘맡고사용해요(2018-08-18 14:21:36 에 등록된 네이버 페이 구매평)
,98,만족 ,네****,2018-08-19 02:50:02,향은워낙알아주죠ㅋ(2018-08-18 14:21:36 에 등록된 네이버 페이 구매평)
[BECO PETS] 비코 친환경 풉백❤사업자회원전용❤,97,만족 ,네****,2018-08-05 02:55:41,맘에들어요(2018-08-04 20:15:36 에 등록된 네이버 페이 구매평)
,96,튼튼하고 좋아해요 ,김****,2018-08-03 12:28:31,소방호수 재질이라서 튼튼해요돌기마다 물고 뛰댕기는데 귀여워 죽겠어용~
,89,만족 ,네****,2018-07-06 02:27:12,예뻐용ㅎㅎ간식감사합니당(2018-07-05 08:36:54 에 등록된 네이버 페이 구매평)
,88,만족 ,네****,2018-07-06 02:27:12,잘사용할게요~(2018-07-05 08:36:54 에 등록된 네이버 페이 구매평)
,87,만족 ,네****,2018-07-05 02:24:26,진흙탕밟고다닌 2견도 한장으로 거뜬합니당ㅋㅋㅋ(2018-07-04 02:38:32 에 등록된 네이버 페이 구매평)
,86,만족 ,네****,2018-07-05 02:24:26,베리굿 행사가격애 구매해서 더더더베리굿입니다(2018-07-04 02:38:32 에 등록된 네이버 페이 구매평)
,85,만족 ,네****,2018-07-05 02:24:26,향도 좋고 가격도좋고 두께도좋고 다좋으네요(2018-07-04 02:38:32 에 등록된 네이버 페이 구매평)
,84,만족 ,네****,2018-07-05 02:22:17,천도 짱짱하니 좋습니다(2018-07-04 01:04:13 에 등록된 네이버 페이 구매평)
,83,만족 ,네****,2018-07-05 02:22:17,강아지 입히니까 너무 예뻐요(2018-07-04 01:04:13 에 등록된 네이버 페이 구매평)
,82,만족 ,네****,2018-07-05 02:22:17,배송도 빠르고 프린트도 귀엽고 ㅎㅎ 만족스러워요!(2018-07-04 01:04:13 에 등록된 네이버 페이 구매평)
,81,만족 ,네****,2018-07-03 02:39:15,첫번째장이라서 그런지 좀 마른감이 있었지만@>@잘썻어요(2018-07-02 13:10:16 에 등록된 네이버 페이 구매평)
,74,만족 ,네****,2018-06-28 02:48:01,좋아요.ㅎ(2018-06-27 18:15:59 에 등록된 네이버 페이 구매평)
,73,만족 ,네****,2018-06-27 02:48:55,느무느무예쁘다(2018-06-26 16:07:02 에 등록된 네이버 페이 구매평)
,72,만족 ,네****,2018-06-27 02:48:55,비싸고조하(2018-06-26 16:01:52 에 등록된 네이버 페이 구매평)
,71,만족 ,네****,2018-06-27 02:29:22,완젼죠아용.ㅋㅋ(2018-06-26 09:05:34 에 등록된 네이버 페이 구매평)
,70,만족 ,네****,2018-06-25 02:25:27,최고예요~@>@한장으로도 충분히 몸전체를 닦을수있고@>@닦은후 목욕했냐고 다른사람들이 물어봐요~(2018-06-24 04:49:16 에 등록된 네이버 페이 구매평)
,69,만족 ,네****,2018-06-20 02:52:44,만족합니다~(2018-06-19 20:32:13 에 등록된 네이버 페이 구매평)
,68,만족 ,네****,2018-06-20 02:31:13,펫페어에서 구매못해서 아쉬웠는데 @>@늦게나마 우리댕댕이품에 안겨줄수있어서@>@너무좋아요~^^@>@라떼가떨어지질않아용~@>@좋아하는거같아서 덩달아기분이좋아요(2018-06-19 10:22:10 에 등록된 네이버 페이 구매평)
,67,만족 ,네****,2018-06-19 02:38:22,냄새너무너무너무좋아요(2018-06-18 12:12:02 에 등록된 네이버 페이 구매평)
,66,만족 ,네****,2018-06-19 02:32:22,만족합니다(2018-06-18 10:10:56 에 등록된 네이버 페이 구매평)
,59,만족 ,네****,2018-06-07 02:39:22,좋아요.ㅎ(2018-06-06 14:32:21 에 등록된 네이버 페이 구매평)
,58,만족 ,네****,2018-06-07 02:39:22,좋아요.ㅎ(2018-06-06 14:32:21 에 등록된 네이버 페이 구매평)
,57,만족 ,네****,2018-06-07 02:39:22,좋아요.ㅎ(2018-06-06 14:32:21 에 등록된 네이버 페이 구매평)
,56,만족 ,네****,2018-06-07 02:34:25,향기가 오래가요(2018-06-06 11:44:34 에 등록된 네이버 페이 구매평)
,55,만족 ,네****,2018-06-07 02:34:25,한장으로도 세마리 충분히 닦을수있어서 좋아요(2018-06-06 11:44:34 에 등록된 네이버 페이 구매평)
,54,만족 ,네****,2018-06-05 02:35:27,빠른배송감사합니다(2018-06-04 10:26:23 에 등록된 네이버 페이 구매평)
,53,만족 ,네****,2018-06-05 02:35:27,배송빨라요(2018-06-04 10:26:23 에 등록된 네이버 페이 구매평)
,52,만족 ,네****,2018-06-05 02:35:27,배송빨라요(2018-06-04 10:26:23 에 등록된 네이버 페이 구매평)
,51,만족 ,네****,2018-06-01 02:33:38,가성대비 너무 좋아요❤️(2018-05-31 11:52:22 에 등록된 네이버 페이 구매평)
,44,사이즈가 딱 맞아요. ,백****,2018-04-11 10:26:39,살이 많지 않은데@/@ 체격이 있는 편이라 옷을 구입할때 항상 고민을 하게 되는데 이건 사이즈가 딱이예요!
,43,구매후기 ,김****,2018-04-01 11:26:56,스마일 데님 팬츠 올인원 구매했는데 항상 올인원 구매할때마다 등길이가애매했는데 잘맞고 세련되어 보이고 귀여워요
,42,                        감사합니다^ㅡ^ ,oddpet,2018-04-01 11:26:56,스마일 데님 팬츠 올인원 구매했는데 항상 올인원 구매할때마다 등길이가애매했는데 잘맞고 세련되어 보이고 귀여워요
,41,반품신청합니다 [1],노****,2018-04-01 11:26:56,스마일 데님 팬츠 올인원 구매했는데 항상 올인원 구매할때마다 등길이가애매했는데 잘맞고 세련되어 보이고 귀여워요
,40,                        고객님과 통화 완료하였습니다. ,oddpet,2018-04-01 11:26:56,스마일 데님 팬츠 올인원 구매했는데 항상 올인원 구매할때마다 등길이가애매했는데 잘맞고 세련되어 보이고 귀여워요
,39,비코펫츠 멧돼지사료 샘플 [1],장****,2018-02-14 14:18:48,요새 장염기가있어서 아무것도 안먹었는데 이건 그래도 몆알먹네요ㅠㅠ 다 나으면 폭풍먹방할것같습니다. 나은뒤 먹방은 따로 리뷰올릴께요
[BECO PETS] 비코푸드 MSC 흰살생선 2kg 사료 BFDF-001❤사업자회원전용❤,38,흰살생선 잘먹어요~ [1],이****,2018-02-10 20:20:48,강아지가 아주 잘먹습니다~~
[BECO PETS] 비코푸드 와일드보어 멧돼지 2kg 사료 BFDB-001❤사업자회원전용❤,37,신기한 반응을 보이네요 ㅋㅋㅋ [29],박****,2018-02-10 04:39:09,멧돼지 사료...저도 강아지도 처음 접한 재료로 만들어진 사료인데요.그래서인지한 알을 입에 물려줬더니 바로 먹지 않고 뱉고서 그 위에 얼굴을 마구 부비부비하더라고요산책나가서 흙밟고 놀 때 엄청 기분좋으면 가끔 하는 행동인데 그걸 멧돼지사료에다가 대고........ 음식에 대고 그러는거 처음봤어요사료냄새가 무척 좋았나봐요 ㅋ_ㅋ!!몇번 얼굴 부비부비 하고나선 맛있게 씹어먹었어요~알이 좀 크고 단단한 편인 사료여서 씹는 맛도 있겠더라구요...강아지가 좋아하니 대만족입니다~
[BECO PETS] 비코푸드 와일드보어 멧돼지 2kg 사료 BFDB-001❤사업자회원전용❤,36,잘 먹어요^^ [1],이****,2018-02-07 21:16:28,샘플로 받자마자 먹여봤는데 다른 사료보다 잘 먹어요^^
[팜컴퍼니] 닭발 캣닢토이 G-MIX192,29,저희 냥이 이거에 푹빠짐 [1],최****,2018-01-11 10:45:23,저희 냥이 캣닢에 잘 반응 안했는데이 제품은 아주 침질질에 동공풀려 좋아 죽을려하네요 ㅋㅋㅋㅋㅋㅋㅋㅋㅋㅋ디자인부터  참 참신하고@/@ 캣닢향 정말 대박이에요 ㅇ_ㅇ!ㅋㅋㅋㅋㅋ
[BECO PETS] 비코푸드 와일드보어 멧돼지 2kg 사료 BFDB-001❤사업자회원전용❤,28,잘먹어요! [1],최****,2018-01-11 10:43:27,일단 아이들이 너무 잘먹습니다!성분보고 믿고 샀는데@/@ 이제 저희 아가들 계속 비코푸드로 먹여야겠어요~플러스로 패키지도 너어~~~~~무 이쁘고 올가닉하네요 ^_^*대!만!족 입니다 ! ! ! 
,27,너무예뻐요 [1],최****,2018-01-08 10:29:03,부드럽고 깔끔해여!!
[BECO PETS] 비코 후프 온 루프 RHRL-001❤사업자회원전용❤,26,좋아요! [2],신****,2017-12-27 12:56:10,강아지와 터그놀이 하기좋은 견고한 장난감입니다.@>@오드펫은 예기치 못한 선물을 함께 주셔서@>@배송받으면 늘 기뻐요:)
,25,우리강아지가 너무 좋아해요.... [2],신****,2017-12-27 12:53:30,삑삑 소리도 시끄럽지 않게 적당하고@>@안에 로프가 있어서 튼튼해 보입니다.@>@초콜렛색이 화면보다 옅었지만 이 색도 예쁜 코코아색이예요.@>@크리스마스 선물이였는데 강아지가 하루종일 곁에둘만큼 좋아해서 기뻐요.@>@크기는 4키로대 푸들에게 미디움사이즈 물고다니기 적당합니다.
,24,진짜 대만족 [2],마****,2017-09-27 12:11:47,스커트가 힘이 있는 레이스여서 축 쳐지지 않아  화려하고 예쁘네요. 그리고 아이가 너무 편해해요. 애견카페 갔는데 옷 예쁘다고 난리였음.
,23,전에 작은거 샀는데 이번에는 큰거사요 [75],정****,2017-09-21 18:41:54,애가 금방금방 확대되네요 ㅋㅋ 이번에는 큰거 하나 더 사요!
,22,반가격이라 구매했어요. 빠른 배송 부탁드립니다. ^^ [6],마****,2017-09-21 16:03:35,반가격이라 구매했어요. 빠른 배송 부탁드립니다. ^^
,21,너무약해요 [2],김****,2017-07-22 09:35:42,랜덤으로 새 받았는데 하루지나고 다리가두개나뜯어졌어요.@>@가격대비 너무약하네요..
