US19c731-220731-aef43c3c,강기쁨,푸들 미디엄미니어처,여자,3.8,00:00.0,https://doggly-bucket-dev.s3.ap-northeast-2.amazonaws.com/dog/size/kibbeum2/bbe443f3-12b5-4d52-b4d4-b5de0ceee784.jpeg,38,31,23,19,USER,USER,USER,USER,06:19.6,1,0,TRUE
UKadbcdf-220810-9eeb879a,몽이,푸들토이,남자,4.3,00:00.0,https://doggly-bucket-prod.s3.ap-northeast-2.amazonaws.com/dog/size/2383015267/065a6fee.jpeg,40,33,19,16.49,USER,USER,USER,RECOMMEND,47:08.5,1,0,TRUE
UKb6cd9c-220810-82c22e67,뽀이,말티즈,남자,4.9,00:00.0,https://doggly-bucket-prod.s3.ap-northeast-2.amazonaws.com/dog/size/2383034900/3197f7db.jpeg,40,32,29,19.14,USER,USER,USER,RECOMMEND,03:31.3,1,0,TRUE
UK21ba2b-220810-e3063705,하양이,말티즈,여자,1.2,00:00.0,https://doggly-bucket-prod.s3.ap-northeast-2.amazonaws.com/dog/size/2383148682/fe40ce8a.jpeg,25.77,20,15.19,10.85,USER,USER,RECOMMEND,RECOMMEND,37:53.5,1,0,TRUE
UK863a9e-220810-a5c8fea7,요미,푸들토이,남자,4,00:00.0,https://doggly-bucket-prod.s3.ap-northeast-2.amazonaws.com/dog/size/2383482970/c69cb585.jpeg,38,31,24,18,USER,USER,USER,USER,06:25.1,1,0,TRUE
UK9be626-220811-54d41814,구름이,비숑 프리제,여자,7.2,00:00.0,https://doggly-bucket-prod.s3.ap-northeast-2.amazonaws.com/dog/size/2383550685/7daf0246.jpeg,45,35,30,18,USER,USER,USER,USER,03:38.7,1,0,TRUE
UKa308a2-220811-dd3741b6,콩이,포메라니안,남자,3.4,00:00.0,https://doggly-bucket-prod.s3.ap-northeast-2.amazonaws.com/dog/size/2383948354/da171382.jpeg,13,12.5,12,15.16,USER,USER,USER,RECOMMEND,30:19.2,1,0,TRUE
UK3bee89-220811-ca892a45,듀퐁,비숑 프리제,여자,3.8,00:00.0,https://doggly-bucket-prod.s3.ap-northeast-2.amazonaws.com/dog/size/2384250943/aa0c9af9.jpeg,37.65,30,23.55,17.34,RECOMMEND,USER,RECOMMEND,RECOMMEND,45:20.6,1,0,TRUE
UKc25881-220811-32d514f1,티코,치와와,여자,2.8,00:00.0,https://doggly-bucket-prod.s3.ap-northeast-2.amazonaws.com/dog/size/2384832172/81b5b80d.jpeg,35,28,22,14,USER,USER,USER,USER,51:02.6,1,0,TRUE
USbadf02-220811-e8295262,자두,믹스 중형견,여자,10,00:00.0,https://doggly-bucket-prod.s3.ap-northeast-2.amazonaws.com/dog/size/klmjms/83931e50.jpeg,55,57,32.75,19,USER,USER,RECOMMEND,USER,07:30.9,1,0,TRUE
UK3b60e0-220812-73bffbe1,밍밍,믹스 소형견,여자,3.9,00:00.0,https://doggly-bucket-prod.s3.ap-northeast-2.amazonaws.com/dog/size/2384969063/db53e6e3.jpeg,35,32,23,17.9,USER,USER,USER,USER,24:30.6,1,0,TRUE
UKbf1361-220812-9fd861fc,니퍼,진돗개,남자,14.5,00:00.0,https://doggly-bucket-prod.s3.ap-northeast-2.amazonaws.com/dog/size/2385549671/379520d8.jpeg,57,49.57,36.52,14.77,USER,RECOMMEND,RECOMMEND,RECOMMEND,33:03.3,1,0,TRUE
UKc9b630-220812-4116da9f,박초코,푸들 미디엄미니어처,남자,9.8,00:00.0,https://doggly-bucket-prod.s3.ap-northeast-2.amazonaws.com/dog/size/2385894997/d00d62c6.jpeg,52,43,30,24,USER,USER,USER,USER,12:59.2,1,0,TRUE
UK05180e-220812-95b67824,요미,포메라니안,남자,2,00:00.0,https://doggly-bucket-prod.s3.ap-northeast-2.amazonaws.com/dog/size/2386098956/a1fac3dd.jpeg,34.3,27.78,22,11.33,USER,RECOMMEND,USER,RECOMMEND,25:57.1,1,0,TRUE
US91df87-220813-ec58278f,하오,포메라니안,남자,3.1,00:00.0,https://doggly-bucket-prod.s3.ap-northeast-2.amazonaws.com/dog/size/llllllsi/b223c230.jpeg,37,26,26,15,USER,USER,USER,USER,48:12.7,1,0,TRUE
US34315c-220814-8f391554,콩이,말티즈,남자,2.8,00:00.0,https://doggly-bucket-prod.s3.ap-northeast-2.amazonaws.com/dog/size/pbl05120/1aa6b6eb.jpeg,33,25.89,21.07,13.18,USER,USER,USER,USER,41:24.7,1,0,TRUE
UK9e0f26-220818-af2bab39,보미,말티즈,여자,5.8,00:00.0,https://doggly-bucket-prod.s3.ap-northeast-2.amazonaws.com/dog/size/2393293967/902f5dc6.jpeg,41,30,22,20,USER,USER,USER,USER,03:43.5,1,0,TRUE
UK473dec-220818-3a87a66b,에디,셔틀랜드 쉽독,여자,18,00:00.0,https://doggly-bucket-prod.s3.ap-northeast-2.amazonaws.com/dog/size/2393447231/73c8cea9.jpeg,84.91,73.37,54.32,45.06,USER,USER,USER,USER,06:55.7,1,0,TRUE
UK89c557-220818-72986e9f,곰돌이,믹스 소형견,남자,5.7,00:00.0,https://doggly-bucket-prod.s3.ap-northeast-2.amazonaws.com/dog/size/2393316332/f35c25e4.jpeg,46,33,27,22,USER,USER,USER,USER,32:25.6,1,0,TRUE
USeff5df-220819-177da961,박우식,푸들토이,남자,5.3,00:00.0,https://doggly-bucket-prod.s3.ap-northeast-2.amazonaws.com/dog/size/tjdwl4001/0ec0a84a.jpeg,39.55,35,20,17.6,RECOMMEND,USER,USER,RECOMMEND,52:10.4,1,0,TRUE
UK1a2e33-220819-46eaaa6d,뽀야,믹스 소형견,여자,4.7,00:00.0,https://doggly-bucket-prod.s3.ap-northeast-2.amazonaws.com/dog/size/2394731696/2193473d.jpeg,40.67,32.17,23.63,21.12,USER,USER,USER,USER,58:42.4,1,0,TRUE
UK3a2ad1-220811-23894548,주몽,잭 러셀 테리어,여자,9,00:00.0,https://doggly-bucket-prod.s3.ap-northeast-2.amazonaws.com/dog/size/2384253740/b88e87bf.jpeg,52,39.88,35,20.19,USER,RECOMMEND,USER,RECOMMEND,44:00.7,1,0,TRUE
UK2bc76f-220822-00ba9fb7,초코,치와와,여자,3.8,00:00.0,https://doggly-bucket-prod.s3.ap-northeast-2.amazonaws.com/dog/size/2398291416/5d64f795.jpeg,42,30,26,16.57,USER,USER,USER,RECOMMEND,33:33.0,1,0,TRUE
UK787c89-220822-ae0ea5b6,김응가,푸들토이,남자,4.3,00:00.0,https://doggly-bucket-prod.s3.ap-northeast-2.amazonaws.com/dog/size/2398483136/9923aa05.jpeg,39.66,33,28,17.41,USER,USER,USER,USER,49:45.6,1,0,TRUE
UK4ce4cd-220823-5934b605,빨강이,페키니즈,남자,5.7,00:00.0,https://doggly-bucket-prod.s3.ap-northeast-2.amazonaws.com/dog/size/2399686036/088bec2c.jpeg,42,38.52,27.78,19.89,USER,RECOMMEND,RECOMMEND,RECOMMEND,55:38.5,1,0,TRUE
US2fbf10-220824-3563570f,토토,푸들토이,남자,5.5,00:00.0,https://doggly-bucket-prod.s3.ap-northeast-2.amazonaws.com/dog/size/myoung96/f0cd6d55.jpeg,46,29,25,19,USER,USER,USER,USER,27:28.0,1,0,TRUE
UK2a4d6b-220824-38779999,구름,포메라니안,남자,2,00:00.0,https://doggly-bucket-prod.s3.ap-northeast-2.amazonaws.com/dog/size/2401981623/b730190e.jpeg,28,27.09,14.96,10.97,USER,RECOMMEND,RECOMMEND,RECOMMEND,55:18.3,1,0,TRUE
UKce364c-220827-0a9acb08,쎈,비숑 프리제,남자,7.5,00:00.0,https://doggly-bucket-prod.s3.ap-northeast-2.amazonaws.com/dog/size/2404721779/301f41d5.jpeg,47.9,40.9,30.5,22,USER,USER,USER,USER,32:39.7,1,0,TRUE
US222225-220812-fec4081c,최미니,포메라니안,여자,3,00:00.0,https://doggly-bucket-prod.s3.ap-northeast-2.amazonaws.com/dog/size/mini0724/9c1fe660.jpeg,38,33.44,20,13.39,USER,RECOMMEND,USER,RECOMMEND,57:35.6,1,0,TRUE
US35dd93-220827-5898d64e,해피,말티즈,남자,3.2,00:00.0,https://doggly-bucket-prod.s3.ap-northeast-2.amazonaws.com/dog/size/jhs6084/035e115b.jpeg,35.15,28,26,16.73,RECOMMEND,USER,USER,RECOMMEND,41:02.9,1,0,TRUE
UKca8cf6-220828-458f7216,솔,푸들토이,여자,3.8,00:00.0,https://doggly-bucket-prod.s3.ap-northeast-2.amazonaws.com/dog/size/2406320575/3e19574d.jpeg,35.82,32,23.75,15.95,RECOMMEND,USER,RECOMMEND,RECOMMEND,52:04.6,1,0,TRUE
UK77c45e-220828-c9cd5197,춘배,시바 이누,남자,16.6,00:00.0,https://doggly-bucket-prod.s3.ap-northeast-2.amazonaws.com/dog/size/2406983734/4c37409d.jpeg,56.45,50.56,38.05,14.72,USER,USER,USER,USER,51:22.5,1,0,TRUE
UK7f7640-220917-527d297b,폼,베드링턴 테리어,남자,10.7,00:00.0,https://doggly-bucket-prod.s3.ap-northeast-2.amazonaws.com/dog/size/2432937864/892b8730.jpeg,55,39,31,24,USER,USER,USER,USER,36:45.5,1,0,TRUE
UK872203-220919-ec4ce3a5,조히릿,비숑 프리제,여자,4.5,00:00.0,https://doggly-bucket-prod.s3.ap-northeast-2.amazonaws.com/dog/size/2436045165/2952488c.jpeg,38,37,22.4,21,USER,USER,USER,USER,12:32.2,1,0,TRUE
US5f1e01-220725-befedaba,행복이,푸들 미디엄미니어처,모르겠어요,7,00:00.0,https://doggly-bucket-prod.s3.ap-northeast-2.amazonaws.com/dog/size/erref3943/4ea31d8f.jpeg,47,38,27,22,USER,USER,USER,USER,53:31.6,0,0,TRUE
UK97b359-220812-fa3926cc,설이,비숑 프리제,모르겠어요,4.4,00:00.0,https://doggly-bucket-prod.s3.ap-northeast-2.amazonaws.com/dog/size/2385285551/50883145.jpeg,35,33,23,19,USER,USER,USER,USER,08:09.6,0,0,TRUE
UK6a40ca-220810-cb375acf,크림,믹스 소형견,모르겠어요,7,00:00.0,https://doggly-bucket-prod.s3.ap-northeast-2.amazonaws.com/dog/size/2383388464/72447884.jpeg,47,37,31,13,USER,USER,USER,USER,05:35.6,0,0,TRUE
UK8cca39-220921-2b9d4bc9,삼백,비숑 프리제,모르겠어요,2.8,00:00.0,https://doggly-bucket-prod.s3.ap-northeast-2.amazonaws.com/dog/size/2437728266/0bff0335.jpeg,33.29,28.78,20.36,14.86,USER,USER,USER,USER,14:25.5,1,0,TRUE
UK3bd327-220921-a4f748b7,구름이,믹스 중형견,모르겠어요,5,00:00.0,https://doggly-bucket-prod.s3.ap-northeast-2.amazonaws.com/dog/size/2437747292/e48c072d.jpeg,42.29,35.5,25.7,18.07,USER,USER,USER,USER,56:49.5,1,0,TRUE
UKf0607f-220921-1178863c,tmo,바센지,모르겠어요,3.1,00:00.0,https://doggly-bucket-prod.s3.ap-northeast-2.amazonaws.com/dog/size/2437949426/063bf0f1.jpeg,33,23.5,23.6,15.5,USER,USER,USER,USER,04:58.3,1,0,TRUE
UK8ae72e-220906-fa2a74fc,준명,바센지,모르겠어요,3.1,00:00.0,https://doggly-bucket-prod.s3.ap-northeast-2.amazonaws.com/dog/size/2419234145/72cf6640.jpeg,32,23,22,14,USER,USER,USER,USER,28:51.2,0,0,TRUE
UK2f59ba-220921-8bdcbe82,칸쵸,말티즈,모르겠어요,1.9,00:00.0,https://doggly-bucket-prod.s3.ap-northeast-2.amazonaws.com/dog/size/2438087226/0f6043b2.jpeg,28,20,21,10,USER,USER,USER,USER,50:28.4,1,0,TRUE
UKac32fe-220921-939b47e9,해치,아메리칸 코카 스파니엘,모르겠어요,10,00:00.0,https://doggly-bucket-prod.s3.ap-northeast-2.amazonaws.com/dog/size/2438241204/846d20d4.jpeg,49.56,43.15,31.27,22.78,USER,USER,USER,USER,55:11.4,1,0,TRUE
UK86a75d-220921-720da990,채채,푸들 미디엄미니어처,모르겠어요,6,00:00.0,https://doggly-bucket-prod.s3.ap-northeast-2.amazonaws.com/dog/size/2438267124/c46e3fc7.jpeg,25,28,20,17,USER,USER,USER,USER,15:50.2,1,0,TRUE
UKb90fa2-220921-3c0f922a,별이,요크셔 테리어,모르겠어요,3.5,00:00.0,https://doggly-bucket-prod.s3.ap-northeast-2.amazonaws.com/dog/size/2438282267/538a070d.jpeg,38,26,28,23,USER,USER,USER,USER,27:47.0,1,0,TRUE
UK34d1f5-220921-696f8d86,장아찌,비숑 프리제,모르겠어요,6,00:00.0,https://doggly-bucket-prod.s3.ap-northeast-2.amazonaws.com/dog/size/2438305054/7d1c7de3.jpeg,43.32,38.32,26.65,19.33,USER,USER,USER,USER,45:47.9,1,0,TRUE
UK46f229-220921-3ae7b97b,별이,비숑 프리제,모르겠어요,6.3,00:00.0,https://doggly-bucket-prod.s3.ap-northeast-2.amazonaws.com/dog/size/2438307506/a0abe0d4.jpeg,43,36,28,19.5,USER,USER,USER,USER,47:10.7,1,0,TRUE
UK13685a-220921-0502bac9,시월,비숑 프리제,모르겠어요,6.2,00:00.0,https://doggly-bucket-prod.s3.ap-northeast-2.amazonaws.com/dog/size/2438308142/6d5fea96.jpeg,43.39,38.36,27.97,20.1,USER,USER,USER,USER,47:57.3,1,0,TRUE
UK72d40d-220921-2451d628,솜이,포메라니안,모르겠어요,2.7,00:00.0,https://doggly-bucket-prod.s3.ap-northeast-2.amazonaws.com/dog/size/2438312618/79efcc3d.jpeg,35,27,23,18,USER,USER,USER,USER,52:58.7,1,0,TRUE
UK039d66-220921-956fabf7,꼼지,믹스 중형견,모르겠어요,8,00:00.0,https://doggly-bucket-prod.s3.ap-northeast-2.amazonaws.com/dog/size/2438383168/3d5923cd.jpeg,30,23,19,14,USER,USER,USER,USER,44:21.1,1,0,TRUE
UK8428d1-220921-250f9009,맹구,닥스훈트,모르겠어요,7,00:00.0,https://doggly-bucket-prod.s3.ap-northeast-2.amazonaws.com/dog/size/2438418640/49ba3f67.jpeg,25.3,25.3,25.3,10,USER,USER,USER,USER,11:16.6,1,0,TRUE
UK68f44b-220921-0cbed24f,이경수,바센지,모르겠어요,3.1,00:00.0,https://doggly-bucket-prod.s3.ap-northeast-2.amazonaws.com/dog/size/2438441061/8fd4e650.jpeg,31.5,23,19,14,USER,USER,USER,USER,29:05.5,1,0,TRUE
UK7f6a8a-220921-4447d0b1,코코,푸들스탠다드,모르겠어요,3.1,00:00.0,https://doggly-bucket-prod.s3.ap-northeast-2.amazonaws.com/dog/size/2438460252/f52d23c4.jpeg,32,23,21,14,USER,USER,USER,USER,43:40.5,1,0,TRUE
UKa680a2-220921-b7a8013b,금자,포메라니안,여자,2,00:00.0,https://doggly-bucket-prod.s3.ap-northeast-2.amazonaws.com/dog/size/2438485974/a323a5f8.jpeg,18,18,18,18,USER,USER,USER,USER,03:58.4,1,0,TRUE
UK603b0f-220921-a46de8b8,지슬,골든 리트리버,모르겠어요,27,00:00.0,https://doggly-bucket-prod.s3.ap-northeast-2.amazonaws.com/dog/size/2438506234/c3b0c6c8.jpeg,71.41,56.18,44.5,33.2,USER,USER,USER,USER,19:45.8,1,0,TRUE
UK555167-220921-2ed52e28,푸후,푸들 미디엄미니어처,모르겠어요,6,00:00.0,https://doggly-bucket-prod.s3.ap-northeast-2.amazonaws.com/dog/size/2438517476/9a722e8e.jpeg,43.31,37.2,27.03,22.22,USER,USER,USER,USER,29:37.6,1,0,TRUE
UK29ae54-220921-c95dafe3,칼라,도베르만 핀셔,모르겠어요,30,00:00.0,https://doggly-bucket-prod.s3.ap-northeast-2.amazonaws.com/dog/size/2438530736/af7cd17a.jpeg,82,57,38,32,USER,USER,USER,USER,39:24.5,1,0,TRUE
UK4a5559-220921-0aa2008a,보리,재패니즈 스피츠,모르겠어요,9,00:00.0,https://doggly-bucket-prod.s3.ap-northeast-2.amazonaws.com/dog/size/2438320856/3517efde.jpeg,51.12,40.09,34.29,22.66,USER,USER,USER,USER,30:31.0,1,0,TRUE
UK0fb996-220811-79c60be6,별이,말티즈,모르겠어요,4.5,00:00.0,https://doggly-bucket-prod.s3.ap-northeast-2.amazonaws.com/dog/size/2383600325/0e06b7e9.jpeg,38,31,27,15,USER,USER,USER,USER,32:19.7,0,0,TRUE
UK9f29ff-220921-f1f48a28,봉식,포메라니안,모르겠어요,3,00:00.0,https://doggly-bucket-prod.s3.ap-northeast-2.amazonaws.com/dog/size/2438959539/17304d1c.jpeg,36.8,33.21,18.79,13.41,USER,USER,USER,USER,40:41.9,1,0,TRUE
UK987881-220922-6398b45e,제이,믹스 중형견,모르겠어요,8,00:00.0,https://doggly-bucket-prod.s3.ap-northeast-2.amazonaws.com/dog/size/2439009212/5082d62f.jpeg,49.6,40.61,31.43,21.71,USER,USER,USER,USER,40:29.8,1,0,TRUE
UKecfe85-220922-9b6fd142,김꾸미,믹스 소형견,모르겠어요,4,00:00.0,https://doggly-bucket-prod.s3.ap-northeast-2.amazonaws.com/dog/size/2439041977/022a11db.jpeg,38.21,31.64,24.68,17.47,USER,USER,USER,USER,42:37.2,1,0,TRUE
UKb06892-220812-8e3d183f,쵸파,푸들 미디엄미니어처,모르겠어요,7.5,00:00.0,https://doggly-bucket-prod.s3.ap-northeast-2.amazonaws.com/dog/size/2386206465/d147591f.jpeg,48,40,29,23,USER,USER,USER,USER,10:02.1,0,0,TRUE
UKe8a5b9-220922-3fe29c73,나리,믹스 소형견,모르겠어요,5.5,00:00.0,https://doggly-bucket-prod.s3.ap-northeast-2.amazonaws.com/dog/size/2439321281/9f131635.jpeg,43.35,35.94,27.62,19.35,USER,USER,USER,USER,01:47.9,1,0,TRUE
UK4e6464-220922-cb6b11bd,제리,믹스 중형견,모르겠어요,19,00:00.0,https://doggly-bucket-prod.s3.ap-northeast-2.amazonaws.com/dog/size/2439404078/3b803824.jpeg,63.87,52.95,40.26,29.48,USER,USER,USER,USER,58:10.6,1,0,TRUE
UKd94bef-220922-2626826f,유리,프렌치 불독,모르겠어요,3.1,00:00.0,https://doggly-bucket-prod.s3.ap-northeast-2.amazonaws.com/dog/size/2439548806/54367c2c.jpeg,32,23,22,11,USER,USER,USER,USER,40:25.6,1,0,TRUE
UK2d359b-220922-67fa9b2b,ㅇㅇ,믹스 소형견,모르겠어요,3.1,00:00.0,https://doggly-bucket-prod.s3.ap-northeast-2.amazonaws.com/dog/size/2439573132/b10def4c.jpeg,32,23,22,11,USER,USER,USER,USER,58:24.5,1,0,TRUE
UK23191a-220922-c0e459b9,이누,믹스 중형견,모르겠어요,7.9,00:00.0,https://doggly-bucket-prod.s3.ap-northeast-2.amazonaws.com/dog/size/2439589321/7884c012.jpeg,49,43,30.8,21,USER,USER,USER,USER,10:28.0,1,0,TRUE
UKad8143-220922-a2b81c1e,로제,포메라니안,모르겠어요,5.8,00:00.0,https://doggly-bucket-prod.s3.ap-northeast-2.amazonaws.com/dog/size/2439741113/55950da7.jpeg,45.3,34.67,31.03,19.73,USER,USER,USER,USER,05:45.8,1,0,TRUE
UK8da077-220922-61cde92c,이안,프렌치 불독,모르겠어요,3.1,00:00.0,https://doggly-bucket-prod.s3.ap-northeast-2.amazonaws.com/dog/size/2439758595/9d803299.jpeg,33,23,23,12,USER,USER,USER,USER,19:42.0,1,0,TRUE
UK311f1b-220922-89c2e8b3,푸야,믹스 중형견,모르겠어요,15,00:00.0,https://doggly-bucket-prod.s3.ap-northeast-2.amazonaws.com/dog/size/2439759676/acfa9519.jpeg,59.1,50.38,38.7,26.98,USER,USER,USER,USER,20:38.2,1,0,TRUE
UK311f1b-220922-89c2e8b3,푸야,믹스 중형견,모르겠어요,13,00:00.0,https://doggly-bucket-prod.s3.ap-northeast-2.amazonaws.com/dog/size/2439759676/2d8b6122.jpeg,57.9,49.8,37,27.3,USER,USER,USER,USER,26:58.8,0,0,TRUE
UK036ab1-220922-7a73262a,쿠키,믹스 소형견,모르겠어요,5,00:00.0,https://doggly-bucket-prod.s3.ap-northeast-2.amazonaws.com/dog/size/2439774468/a80a122f.jpeg,42.58,34.91,26.75,18.98,USER,USER,USER,USER,32:16.7,1,0,TRUE
UK645c6d-220922-75d13ed4,러뷰,푸들토이,모르겠어요,3.8,00:00.0,https://doggly-bucket-prod.s3.ap-northeast-2.amazonaws.com/dog/size/2439863420/291fa570.jpeg,38,38,28,19,USER,USER,USER,USER,39:50.1,1,0,TRUE
UKd4bb2c-220922-35e29b7a,밀크,믹스 중형견,모르겠어요,5,00:00.0,https://doggly-bucket-prod.s3.ap-northeast-2.amazonaws.com/dog/size/2440118227/547098a5.jpeg,42,34,28,16,USER,USER,USER,USER,17:01.9,1,0,TRUE
UKd4bb2c-220922-35e29b7a,밀크,믹스 중형견,모르겠어요,4.9,00:00.0,https://doggly-bucket-prod.s3.ap-northeast-2.amazonaws.com/dog/size/2440118227/74490643.jpeg,42,34,28,17,USER,USER,USER,USER,24:19.1,0,0,TRUE
UK7e0ffd-220923-f9d5a6a9,감자,치와와,모르겠어요,3.7,00:00.0,https://doggly-bucket-prod.s3.ap-northeast-2.amazonaws.com/dog/size/2440311303/31faa5e1.jpeg,41,26,25,17,USER,USER,USER,USER,09:50.2,1,0,TRUE
UK8b1896-220923-304899cd,타타,푸들 미디엄미니어처,모르겠어요,8.6,00:00.0,https://doggly-bucket-prod.s3.ap-northeast-2.amazonaws.com/dog/size/2440328251/33e3c238.jpeg,48.86,42.43,29.15,25.43,USER,USER,USER,USER,30:04.0,1,0,TRUE
UK19f386-220923-87e9e364,토리,포메라니안,모르겠어요,2.6,00:00.0,https://doggly-bucket-prod.s3.ap-northeast-2.amazonaws.com/dog/size/2440332488/2f13af10.jpeg,34,18,20,20,USER,USER,USER,USER,35:24.2,1,0,TRUE
UK9dbc9a-220923-80b744e7,구월,포메라니안,모르겠어요,3.35,00:00.0,https://doggly-bucket-prod.s3.ap-northeast-2.amazonaws.com/dog/size/2440471685/dda0c341.jpeg,38,25,22,14,USER,USER,USER,USER,01:06.3,1,0,TRUE
UKb5f289-220923-5f195c5e,공주,믹스 중형견,모르겠어요,9.1,00:00.0,https://doggly-bucket-prod.s3.ap-northeast-2.amazonaws.com/dog/size/2440764878/174f0b6d.jpeg,52,44,334,24.08,USER,USER,USER,RECOMMEND,35:16.3,1,0,TRUE
USa5a163-220810-e59a6dbf,아토,보스턴 테리어,모르겠어요,13.2,00:00.0,https://doggly-bucket-prod.s3.ap-northeast-2.amazonaws.com/dog/size/sos302003/40af8587.jpeg,59,47,37,25,USER,USER,USER,USER,15:49.9,0,0,TRUE
UKea3c22-220921-568425ec,강달건,아메리칸 불리,모르겠어요,18,00:00.0,https://doggly-bucket-prod.s3.ap-northeast-2.amazonaws.com/dog/size/2438052179/eaf34b6f.jpeg,59,48,44,20,USER,USER,USER,USER,49:11.6,1,0,TRUE
UKc59e1e-220923-1580a213,돌체,비숑 프리제,모르겠어요,4.15,00:00.0,https://doggly-bucket-prod.s3.ap-northeast-2.amazonaws.com/dog/size/2441361931/bced7c1b.jpeg,35,37,22,21,USER,USER,USER,USER,49:27.1,1,0,TRUE
UKb62477-220923-9f4dd38b,아콩,푸들 미디엄미니어처,모르겠어요,0.75,00:00.0,https://doggly-bucket-prod.s3.ap-northeast-2.amazonaws.com/dog/size/2441388263/be9a8c0c.jpeg,14.17,12.17,9.05,7.35,USER,USER,USER,USER,14:55.9,1,0,TRUE
UK9f51de-220923-8f5ff6be,만복이,푸들 미디엄미니어처,모르겠어요,5,00:00.0,https://doggly-bucket-prod.s3.ap-northeast-2.amazonaws.com/dog/size/2441461867/86d345ae.jpeg,40.31,34.82,24.96,20.31,USER,USER,USER,USER,25:44.6,1,0,TRUE
UKe0e277-220924-dec94ac5,앙또,재패니즈 스피츠,모르겠어요,10,00:00.0,https://doggly-bucket-prod.s3.ap-northeast-2.amazonaws.com/dog/size/2441557882/f182f1cd.jpeg,53.08,41.32,34.93,22.42,USER,USER,USER,USER,04:00.1,1,0,TRUE
UK4c4a97-220924-ba1cbf8a,봄이,포메라니안,모르겠어요,0.71,00:00.0,https://doggly-bucket-prod.s3.ap-northeast-2.amazonaws.com/dog/size/2441612575/1fa14026.jpeg,21.57,19.92,11.3,8.4,USER,USER,USER,USER,28:16.3,1,0,TRUE
UKaf6412-220921-fab77389,까만콩,믹스 중형견,모르겠어요,9.5,00:00.0,https://doggly-bucket-prod.s3.ap-northeast-2.amazonaws.com/dog/size/2438757286/842a0d13.jpeg,48,40,30,37,USER,USER,USER,USER,55:49.9,0,0,TRUE
UK8fcf41-220924-c2e828ca,째몽,푸들 미디엄미니어처,모르겠어요,5.4,00:00.0,https://doggly-bucket-prod.s3.ap-northeast-2.amazonaws.com/dog/size/2441801397/28d18cf0.jpeg,45,35,25,25,USER,USER,USER,USER,56:07.3,1,0,TRUE
UK4bd8ea-220924-0df467d6,엣지,푸들토이,모르겠어요,2.55,00:00.0,https://doggly-bucket-prod.s3.ap-northeast-2.amazonaws.com/dog/size/2442274443/ce714217.jpeg,31.8,22,19.8,13,USER,USER,USER,USER,47:07.3,1,0,TRUE
UK77cd1a-220924-d9ee4bbc,공주,치와와,모르겠어요,3.4,00:00.0,https://doggly-bucket-prod.s3.ap-northeast-2.amazonaws.com/dog/size/2442412186/0d3a0f89.jpeg,38,27,25,11,USER,USER,USER,USER,40:19.5,1,0,TRUE
UK2f71a0-220924-6e2a9254,밤이,비숑 프리제,모르겠어요,8,00:00.0,https://doggly-bucket-prod.s3.ap-northeast-2.amazonaws.com/dog/size/2442478474/d38d190b.jpeg,46.83,41.23,30.12,21.5,USER,USER,USER,USER,40:06.5,1,0,TRUE
UK863590-220924-0104e6b1,뚜뚜,믹스 중형견,남자,7.8,00:00.0,https://doggly-bucket-prod.s3.ap-northeast-2.amazonaws.com/dog/size/2442718093/46942177.jpeg,45,41,30,17,USER,USER,USER,USER,08:20.8,1,0,TRUE
UK50d55c-220924-153862f5,마초,비숑 프리제,모르겠어요,4.7,00:00.0,https://doggly-bucket-prod.s3.ap-northeast-2.amazonaws.com/dog/size/2442735409/f06d2359.jpeg,40.29,34.84,24.2,17.25,USER,USER,USER,USER,25:15.0,1,0,TRUE
UK132267-220925-458b06a7,딸기,비숑 프리제,모르겠어요,4.5,00:00.0,https://doggly-bucket-prod.s3.ap-northeast-2.amazonaws.com/dog/size/2442868313/fc2cd930.jpeg,39,35,24,18,USER,USER,USER,USER,28:07.3,1,0,TRUE
UKa92212-220925-9d900cc8,방울이,푸들 미디엄미니어처,모르겠어요,5,00:00.0,https://doggly-bucket-prod.s3.ap-northeast-2.amazonaws.com/dog/size/2443124968/464330fa.jpeg,41,35.44,25.48,21.01,USER,USER,USER,USER,43:21.5,1,0,TRUE
UK078f5c-220925-062da24e,구름,말티즈,모르겠어요,2.8,00:00.0,https://doggly-bucket-prod.s3.ap-northeast-2.amazonaws.com/dog/size/2443230636/db56f195.jpeg,30,26,22,15,USER,USER,USER,USER,13:34.8,1,0,TRUE
UK261da9-220925-44a0cfba,두부,믹스 소형견,모르겠어요,3,00:00.0,https://doggly-bucket-prod.s3.ap-northeast-2.amazonaws.com/dog/size/2442935295/3d8a9cbb.jpeg,3,6,30,7,USER,USER,USER,USER,24:18.6,1,0,TRUE
UK649c96-220925-d84861af,콜리,믹스 중형견,모르겠어요,14,00:00.0,https://doggly-bucket-prod.s3.ap-northeast-2.amazonaws.com/dog/size/2443255890/a37bbb26.jpeg,56,53,35,33,USER,USER,USER,USER,32:30.5,1,0,TRUE
UK4e4bc1-220925-6f900186,땅콩이,포메라니안,모르겠어요,5.7,00:00.0,https://doggly-bucket-prod.s3.ap-northeast-2.amazonaws.com/dog/size/2443298361/0097baa1.jpeg,51,25,40,17,USER,USER,USER,USER,08:34.6,1,0,TRUE
UKb691f4-220925-5e0c16c0,바비,비숑 프리제,모르겠어요,5.3,00:00.0,https://doggly-bucket-prod.s3.ap-northeast-2.amazonaws.com/dog/size/2443429101/1be65644.jpeg,40,34,28,15,USER,USER,USER,USER,47:57.1,1,0,TRUE
UK6c55f7-220925-a81a802c,두리,포메라니안,모르겠어요,2.75,00:00.0,https://doggly-bucket-prod.s3.ap-northeast-2.amazonaws.com/dog/size/2443572706/4c3c4d44.jpeg,35.94,32.1,18.09,13.29,USER,USER,USER,USER,36:31.3,1,0,TRUE
US222225-220812-fec4081c,최미니,포메라니안,모르겠어요,3.3,00:00.0,https://doggly-bucket-prod.s3.ap-northeast-2.amazonaws.com/dog/size/mini0724/6a7f9c42.jpeg,38.48,34.66,19.36,14.45,USER,USER,USER,USER,57:54.3,0,0,TRUE
UKec5c2c-220926-19217e03,여름,말티즈,모르겠어요,1.7,00:00.0,https://doggly-bucket-prod.s3.ap-northeast-2.amazonaws.com/dog/size/2444128812/b30463dd.jpeg,30,19,22,10,USER,USER,USER,USER,18:02.2,1,0,TRUE
UK7c9027-220926-bff5b979,아리,믹스 소형견,모르겠어요,8.4,00:00.0,https://doggly-bucket-prod.s3.ap-northeast-2.amazonaws.com/dog/size/2444841189/ec3acfe7.jpeg,49,37,30,24,USER,USER,USER,USER,37:13.8,1,0,TRUE
UK13dc29-220926-b84ae2d5,지니,푸들 미디엄미니어처,모르겠어요,4,00:00.0,https://doggly-bucket-prod.s3.ap-northeast-2.amazonaws.com/dog/size/2445127756/cfd43098.jpeg,38,30,23,22,USER,USER,USER,USER,11:08.5,1,0,TRUE
UK502016-220926-2edb9e43,하쿠,푸들 미디엄미니어처,모르겠어요,6.2,00:00.0,https://doggly-bucket-prod.s3.ap-northeast-2.amazonaws.com/dog/size/2445132213/9c2133e2.jpeg,43.7,35,25.1,20.3,USER,USER,USER,USER,14:10.4,1,0,TRUE
UK4f4530-220926-31ffaad7,라온,푸들토이,모르겠어요,3,00:00.0,https://doggly-bucket-prod.s3.ap-northeast-2.amazonaws.com/dog/size/2445213825/be965c2a.jpeg,36,28,22,20,USER,USER,USER,USER,14:06.9,1,0,TRUE
UK9a676a-220926-d6b39a64,복순이,믹스 중형견,모르겠어요,10,00:00.0,https://doggly-bucket-prod.s3.ap-northeast-2.amazonaws.com/dog/size/2445333022/3f3407f4.jpeg,36,38,29.5,26,USER,USER,USER,USER,43:01.6,1,0,TRUE
UKd60eec-220926-ad88a4c1,김개똘,믹스 소형견,모르겠어요,9,00:00.0,https://doggly-bucket-prod.s3.ap-northeast-2.amazonaws.com/dog/size/2445347848/5b3ada37.jpeg,35,40,35,40,USER,USER,USER,USER,54:10.0,1,0,TRUE
UK0ae7bb-220927-1a95b3ee,한똘,푸들토이,모르겠어요,3.5,00:00.0,https://doggly-bucket-prod.s3.ap-northeast-2.amazonaws.com/dog/size/2445932823/b5fbd36d.jpeg,36,29,20,19,USER,USER,USER,USER,09:02.4,1,0,TRUE
UK5fa499-220927-039544ec,까미,푸들 미디엄미니어처,모르겠어요,10,00:00.0,https://doggly-bucket-prod.s3.ap-northeast-2.amazonaws.com/dog/size/2454122712/9150de39.jpeg,53,30.8,33,24.3,USER,USER,USER,USER,11:45.1,1,0,TRUE
UK5c7c1e-220927-5e144a1e,후추,믹스 소형견,모르겠어요,5.3,00:00.0,https://doggly-bucket-prod.s3.ap-northeast-2.amazonaws.com/dog/size/2462211285/bde2f0e1.jpeg,38,27,23,18,USER,USER,USER,USER,29:18.6,1,0,TRUE
UKc0a940-220928-d42fa582,또리,믹스 소형견,모르겠어요,6.5,00:00.0,https://doggly-bucket-prod.s3.ap-northeast-2.amazonaws.com/dog/size/2462248314/ef347b9d.jpeg,70,208,60,325,USER,USER,USER,USER,08:22.4,1,0,TRUE
UK10ca31-220928-f83e05a2,앵두,닥스훈트,모르겠어요,8,00:00.0,https://doggly-bucket-prod.s3.ap-northeast-2.amazonaws.com/dog/size/2462253628/cd280a53.jpeg,48,42,32,10,USER,USER,USER,USER,13:30.4,1,0,TRUE
UK64d281-220928-2bb1a3f5,마루,시츄,모르겠어요,4.7,00:00.0,https://doggly-bucket-prod.s3.ap-northeast-2.amazonaws.com/dog/size/2462283165/5ccf22a2.jpeg,38,33,25,24,USER,USER,USER,USER,48:26.1,1,0,TRUE
UK25ff97-220928-72b9b9ad,두비,푸들 미디엄미니어처,모르겠어요,6.7,00:00.0,https://doggly-bucket-prod.s3.ap-northeast-2.amazonaws.com/dog/size/2462302569/921a3820.jpeg,46,39,22,40,USER,USER,USER,USER,18:46.4,1,0,TRUE
UK34e135-220928-e3b5da9e,두루,웰시 코기,모르겠어요,9,00:00.0,https://doggly-bucket-prod.s3.ap-northeast-2.amazonaws.com/dog/size/2462377144/0ffe5eaf.jpeg,35,42,32,15,USER,USER,USER,USER,32:48.2,1,0,TRUE
UKb2b86d-220928-0fa28e95,따꿍이,비숑 프리제,여자,2.5,00:00.0,https://doggly-bucket-prod.s3.ap-northeast-2.amazonaws.com/dog/size/2462427917/e1497657.jpeg,31.44,27.71,19.03,14.54,USER,USER,USER,USER,15:01.8,1,0,TRUE
UKa51df1-220928-4bddba72,또리,푸들토이,모르겠어요,8,00:00.0,https://doggly-bucket-prod.s3.ap-northeast-2.amazonaws.com/dog/size/2462484670/8476c5f7.jpeg,49.8,49.1,20.1,20.1,USER,USER,USER,USER,20:15.4,1,0,TRUE
UKf4f6b0-220928-12f218c4,코코,시츄,모르겠어요,4.1,00:00.0,https://doggly-bucket-prod.s3.ap-northeast-2.amazonaws.com/dog/size/2462499859/63edc31e.jpeg,34,31,24,14,USER,USER,USER,USER,34:21.3,1,0,TRUE
UKf6b547-220928-eff97eaf,김마요,포메라니안,모르겠어요,3.1,00:00.0,https://doggly-bucket-prod.s3.ap-northeast-2.amazonaws.com/dog/size/2462869006/ad7679d0.jpeg,37,22,28,11,USER,USER,USER,USER,29:01.5,0,0,TRUE
UK16f504-220928-e3a1ba55,테스트,믹스 소형견,모르겠어요,5,00:00.0,https://doggly-bucket-prod.s3.ap-northeast-2.amazonaws.com/dog/size/2368120258/f1bf4040.jpeg,12,12,12,12,USER,USER,USER,USER,37:55.2,0,0,TRUE
UKbad36e-220929-53bd50fd,오감자,믹스 대형견,모르겠어요,8,00:00.0,https://doggly-bucket-prod.s3.ap-northeast-2.amazonaws.com/dog/size/2464037586/9030e175.jpeg,25,40,20,25,USER,USER,USER,USER,11:48.9,1,0,TRUE
UK288b7a-220929-b5a49af1,숑숑,비숑 프리제,모르겠어요,5.8,00:00.0,https://doggly-bucket-prod.s3.ap-northeast-2.amazonaws.com/dog/size/2464829867/7b1db1c7.jpeg,34,43,27.6,20,USER,USER,USER,USER,44:32.1,1,0,TRUE
UKd22880-220930-cdffe0a4,솜이,포메라니안,모르겠어요,2.2,00:00.0,https://doggly-bucket-prod.s3.ap-northeast-2.amazonaws.com/dog/size/2464929174/e50afe90.jpeg,42,62,20.5,15,USER,USER,USER,USER,12:13.4,1,0,TRUE
UK60e4d6-220930-644c70bb,깜돌이,닥스훈트,모르겠어요,50,00:00.0,https://doggly-bucket-prod.s3.ap-northeast-2.amazonaws.com/dog/size/2465374284/efe8f94a.jpeg,70,60,34,44,USER,USER,USER,USER,18:19.1,0,0,TRUE
UK60e4d6-220930-644c70bb,깜돌이,닥스훈트,모르겠어요,53,00:00.0,https://doggly-bucket-prod.s3.ap-northeast-2.amazonaws.com/dog/size/2465374284/cee1cec5.jpeg,80,80,56,33,USER,USER,USER,USER,20:19.1,0,0,TRUE
UKc1f8b7-220813-2aa59fec,또랑이,믹스 소형견,모르겠어요,2.7,00:00.0,https://doggly-bucket-prod.s3.ap-northeast-2.amazonaws.com/dog/size/2386478393/9e78b17b.jpeg,31,26,20,14,USER,USER,USER,USER,25:25.4,1,0,TRUE
UK0b0b2d-220930-815417cd,별,시츄,모르겠어요,6.6,00:00.0,https://doggly-bucket-prod.s3.ap-northeast-2.amazonaws.com/dog/size/2465789925/10440196.jpeg,44,35,26,16,USER,USER,USER,USER,39:23.4,1,0,TRUE
UK48c0bf-220930-7a2a31be,모야,비숑 프리제,모르겠어요,0.6,00:00.0,https://doggly-bucket-prod.s3.ap-northeast-2.amazonaws.com/dog/size/2466219114/147d20ad.jpeg,19.5,14,13.5,7,USER,USER,USER,USER,39:30.1,1,0,TRUE
UK2f42f3-220930-1fefb85c,보리,푸들토이,모르겠어요,5,00:00.0,https://doggly-bucket-prod.s3.ap-northeast-2.amazonaws.com/dog/size/2466224441/66c5df73.jpeg,40,25,25,18,USER,USER,USER,USER,44:33.4,1,0,TRUE
UK42c1ba-221001-b41f57d5,박복실,푸들토이,모르겠어요,2.5,00:00.0,https://doggly-bucket-prod.s3.ap-northeast-2.amazonaws.com/dog/size/2467086645/5a27ca0e.jpeg,26,26,23,15,USER,USER,USER,USER,10:04.0,1,0,TRUE
UK9df625-221001-47543f66,모찌,푸들토이,모르겠어요,7.5,00:00.0,https://doggly-bucket-prod.s3.ap-northeast-2.amazonaws.com/dog/size/2467220487/b2177ba1.jpeg,49,42,28.3,23.5,USER,USER,USER,USER,52:53.3,1,0,TRUE
UK3fa73e-221001-5a6c521d,몽땅이,닥스훈트,모르겠어요,6.7,00:00.0,https://doggly-bucket-prod.s3.ap-northeast-2.amazonaws.com/dog/size/2467448809/56516ca2.jpeg,42.65,38.88,28.03,11.71,USER,USER,USER,USER,52:12.7,1,0,TRUE
UKa8104f-221002-49b11e4b,스푸,푸들스탠다드,여자,14,00:00.0,https://doggly-bucket-prod.s3.ap-northeast-2.amazonaws.com/dog/size/2467643915/446fbc42.jpeg,60,59,33,39,USER,USER,USER,USER,36:40.2,0,0,TRUE
UKdaa13e-221002-a0bc6ca4,신문지,골든 리트리버,모르겠어요,22,00:00.0,https://doggly-bucket-prod.s3.ap-northeast-2.amazonaws.com/dog/size/2467700939/f303140e.jpeg,66.78,50.54,40.2,30.76,USER,USER,USER,USER,16:21.0,1,0,TRUE
UKaf983a-221002-087f3bbd,뚜뚜,비숑 프리제,모르겠어요,11,00:00.0,https://doggly-bucket-prod.s3.ap-northeast-2.amazonaws.com/dog/size/2467739983/18c2dada.jpeg,20,25,22,12,USER,USER,USER,USER,38:58.1,1,0,TRUE
UKc20d66-220810-c514a1f3,옭쿠키,기타,모르겠어요,5,00:00.0,https://doggly-bucket-prod.s3.ap-northeast-2.amazonaws.com/dog/size/2383030338/23cbe914.jpeg,40,33,28,11,USER,USER,USER,USER,18:29.3,0,0,TRUE
UK7e87a9-221002-f8bd4ae9,토토,아메리칸 코카 스파니엘,모르겠어요,8,00:00.0,https://doggly-bucket-prod.s3.ap-northeast-2.amazonaws.com/dog/size/2467838015/2e633a04.jpeg,46,25,25,23,USER,USER,USER,USER,36:39.0,1,0,TRUE
UK715ed6-221002-01ab443c,이뽀롱,믹스 소형견,모르겠어요,3.6,00:00.0,https://doggly-bucket-prod.s3.ap-northeast-2.amazonaws.com/dog/size/2468123251/9c69da72.jpeg,36,33,20,16,USER,USER,USER,USER,45:32.2,1,0,TRUE
UK4f335b-221002-5c5f94bc,김금동,골든 리트리버,모르겠어요,32,00:00.0,https://doggly-bucket-prod.s3.ap-northeast-2.amazonaws.com/dog/size/2468352427/b2ad7022.jpeg,84,70,47,60,USER,USER,USER,USER,47:10.0,1,0,TRUE
UKc8b1ec-221003-605f5837,초코,푸들 미디엄미니어처,모르겠어요,2.5,00:00.0,https://doggly-bucket-prod.s3.ap-northeast-2.amazonaws.com/dog/size/2469009258/0a5976b7.jpeg,31.22,27.13,19.45,15.67,USER,USER,USER,USER,37:29.3,0,0,TRUE
UKc8b1ec-221003-605f5837,모찌,치와와,모르겠어요,4.5,00:00.0,https://doggly-bucket-prod.s3.ap-northeast-2.amazonaws.com/dog/size/2469009258/9ab3833c.jpeg,39.89,28.86,26.64,17.99,USER,USER,USER,USER,42:23.4,0,0,TRUE
UKa5ed8e-221003-48750d3e,망고,포메라니안,모르겠어요,4.5,00:00.0,https://doggly-bucket-prod.s3.ap-northeast-2.amazonaws.com/dog/size/2469049194/85d029aa.jpeg,25.5,25,15,25.3,USER,USER,USER,USER,57:33.3,1,0,TRUE
UKd5278b-221003-99227166,바다,포메라니안,모르겠어요,5,00:00.0,https://doggly-bucket-prod.s3.ap-northeast-2.amazonaws.com/dog/size/2469117267/2713ccb0.jpeg,43,34,28,20,USER,USER,USER,USER,34:10.0,1,0,TRUE
UK281fe7-221003-af5f7b2c,댕이,포메라니안,모르겠어요,6.7,00:00.0,https://doggly-bucket-prod.s3.ap-northeast-2.amazonaws.com/dog/size/2469280953/320ffa88.jpeg,48,40,32,19,USER,USER,USER,USER,54:57.3,1,0,TRUE
UKc10e05-221003-0efa0f2d,구름,비숑 프리제,모르겠어요,6.9,00:00.0,https://doggly-bucket-prod.s3.ap-northeast-2.amazonaws.com/dog/size/2469315957/ff2796db.jpeg,49,40,33,14,USER,USER,USER,USER,22:12.1,1,0,TRUE
UK6d66f1-221003-c39c8bab,깡이,푸들토이,모르겠어요,5,00:00.0,https://doggly-bucket-prod.s3.ap-northeast-2.amazonaws.com/dog/size/2469396149/09d35b16.jpeg,42,36,28,22,USER,USER,USER,USER,23:46.4,1,0,TRUE
UK00ca73-221003-d8d9ff4e,쪼랭,비숑 프리제,모르겠어요,4.3,00:00.0,https://doggly-bucket-prod.s3.ap-northeast-2.amazonaws.com/dog/size/2469484226/8043f4c5.jpeg,40,30,25,15,USER,USER,USER,USER,29:30.4,1,0,TRUE
UKf78823-221003-e126c095,우유,믹스 소형견,모르겠어요,1.5,00:00.0,https://doggly-bucket-prod.s3.ap-northeast-2.amazonaws.com/dog/size/2469837653/18152b22.jpeg,26,23,25,12,USER,USER,USER,USER,51:08.2,1,0,TRUE
UK8073da-221003-bd39b0e1,행복,말티즈,모르겠어요,2.3,00:00.0,https://doggly-bucket-prod.s3.ap-northeast-2.amazonaws.com/dog/size/2470041226/8d701e79.jpeg,30,25,20.5,16,USER,USER,USER,USER,17:13.2,1,0,TRUE
UKb5c4d7-220803-cc7bb7c4,하늘,말티즈,모르겠어요,3,00:00.0,https://doggly-bucket-prod.s3.ap-northeast-2.amazonaws.com/dog/size/2372557662/3540ea9a.jpeg,34,28,22,14,USER,USER,USER,USER,22:03.3,0,0,TRUE
UKe8a56c-221004-02f46498,구름이,말티즈,모르겠어요,4.3,00:00.0,https://doggly-bucket-prod.s3.ap-northeast-2.amazonaws.com/dog/size/2470468517/b2c39bbc.jpeg,27,32,23,17,USER,USER,USER,USER,29:02.3,1,0,TRUE
UKc42cd2-221004-a4e147d1,로라,휘핏,모르겠어요,13,00:00.0,https://doggly-bucket-prod.s3.ap-northeast-2.amazonaws.com/dog/size/2470520163/292250f2.jpeg,57,48,31,37,USER,USER,USER,USER,19:58.3,1,0,TRUE
UK97afe8-221004-68d7778f,두부,포메라니안,모르겠어요,3,00:00.0,https://doggly-bucket-prod.s3.ap-northeast-2.amazonaws.com/dog/size/2363243038/ad58b75b.jpeg,37,25,23,14,USER,USER,USER,USER,16:29.8,1,0,TRUE
UK20330a-221004-84182226,로또,푸들 미디엄미니어처,모르겠어요,4.9,00:00.0,https://doggly-bucket-prod.s3.ap-northeast-2.amazonaws.com/dog/size/2470773623/6c005ce3.jpeg,40,49,25,30,USER,USER,USER,USER,27:11.0,1,0,TRUE
