DO63af4d-221025-UK012824,UK012824-221025-8b7629a6,아리,비숑 프리제,남자,1.8,00:00.0,,https://doggly-bucket-prod.s3.ap-northeast-2.amazonaws.com/dog/size/2497941645/eb317473.jpeg,26.9,22,16,11,USER,USER,USER,USER,19:24.9,1,0
DO178a27-221013-UK01ab42,UK01ab42-221013-07d897d0,꼬물이,말티즈,모르겠어요,5,00:00.0,https://doggly-bucket-prod.s3.ap-northeast-2.amazonaws.com/dog/size/2483724626/c4ffe4a8.jpeg,https://doggly-bucket-prod.s3.ap-northeast-2.amazonaws.com/dog/size/2483724626/c4ffe4a8.jpeg,38.88,32.78,25.07,16.03,RECOMMEND,RECOMMEND,RECOMMEND,RECOMMEND,26:20.4,1,0
DO4569ba-221013-UK01ab42,UK01ab42-221013-07d897d0,꼬물이,말티즈,모르겠어요,5,00:00.0,https://doggly-bucket-prod.s3.ap-northeast-2.amazonaws.com/dog/size/2483724626/89a588d3.jpeg,https://doggly-bucket-prod.s3.ap-northeast-2.amazonaws.com/dog/size/2483724626/89a588d3.jpeg,38.88,32.27,25.25,15.17,USER,USER,USER,USER,31:10.3,0,0
DO529e3f-221007-UK02207f,UK02207f-221007-5a309426,설이,푸들 미디엄미니어처,모르겠어요,3.7,00:00.0,https://doggly-bucket-prod.s3.ap-northeast-2.amazonaws.com/dog/size/2474726541/9544a139.jpeg,https://doggly-bucket-prod.s3.ap-northeast-2.amazonaws.com/dog/size/2474726541/9544a139.jpeg,39,31,27,17,USER,USER,USER,USER,50:14.5,1,0
DOea73ad-221028-UK066614,UK066614-221028-627a0f14,꼬밍,비숑 프리제,여자,2.5,00:00.0,,https://doggly-bucket-prod.s3.ap-northeast-2.amazonaws.com/dog/size/2501558563/0705c616.jpeg,31.7,27.21,19.78,14.64,RECOMMEND,RECOMMEND,RECOMMEND,RECOMMEND,14:23.2,1,0
DO5362b5-221028-UK066614,UK066614-221028-627a0f14,꼬밍,비숑 프리제,모르겠어요,2.5,00:00.0,https://doggly-bucket-prod.s3.ap-northeast-2.amazonaws.com/dog/size/2501558563/3cddea33.jpeg,https://doggly-bucket-prod.s3.ap-northeast-2.amazonaws.com/dog/size/2501558563/3cddea33.jpeg,31.49,27.2,19.44,13.65,RECOMMEND,RECOMMEND,RECOMMEND,RECOMMEND,19:06.7,0,0
DO17c3f0-221024-UK0747d8,UK0747d8-221024-a12308d1,두부??,말티즈,모르겠어요,3.3,00:00.0,https://doggly-bucket-prod.s3.ap-northeast-2.amazonaws.com/dog/size/2496044376/426675f5.jpeg,https://doggly-bucket-prod.s3.ap-northeast-2.amazonaws.com/dog/size/2496044376/426675f5.jpeg,34.9,29.74,23.14,13.45,RECOMMEND,RECOMMEND,RECOMMEND,RECOMMEND,26:09.4,1,0
DO457c71-221013-UK07aeda,UK07aeda-221013-4616308d,노벨이,웰시 코기,모르겠어요,14.5,00:00.0,https://doggly-bucket-prod.s3.ap-northeast-2.amazonaws.com/dog/size/2483902032/63b92ae0.jpeg,https://doggly-bucket-prod.s3.ap-northeast-2.amazonaws.com/dog/size/2483902032/63b92ae0.jpeg,59.14,51.94,38.16,17.33,RECOMMEND,RECOMMEND,RECOMMEND,RECOMMEND,42:51.9,1,0
DO117d14-221018-UK07e4a3,UK07e4a3-221018-3f6c9557,주댕이,말티즈,모르겠어요,4.8,00:00.0,https://doggly-bucket-prod.s3.ap-northeast-2.amazonaws.com/dog/size/2489116994/2b0515bd.jpeg,https://doggly-bucket-prod.s3.ap-northeast-2.amazonaws.com/dog/size/2489116994/2b0515bd.jpeg,37,30,22.5,18,USER,USER,USER,USER,52:09.1,1,0
DO27adfb-221011-UK07e5bc,UK07e5bc-221011-80eab460,효민,믹스 소형견,모르겠어요,3.6,00:00.0,https://doggly-bucket-prod.s3.ap-northeast-2.amazonaws.com/dog/size/2480751659/64a45029.jpeg,https://doggly-bucket-prod.s3.ap-northeast-2.amazonaws.com/dog/size/2480751659/64a45029.jpeg,40,35,27,15,USER,USER,USER,USER,49:46.2,1,0
DO29c685-221011-UK090ff3,UK090ff3-221011-3d9dea56,나래,말티즈,모르겠어요,2.3,00:00.0,https://doggly-bucket-prod.s3.ap-northeast-2.amazonaws.com/dog/size/2480742542/e19b6751.jpeg,https://doggly-bucket-prod.s3.ap-northeast-2.amazonaws.com/dog/size/2480742542/e19b6751.jpeg,34,27,20,11,USER,USER,USER,USER,42:59.2,1,0
DO2c6d7e-221013-UK0b49f2,UK0b49f2-221013-461ac26a,땅콩,푸들 미디엄미니어처,모르겠어요,6.5,00:00.0,https://doggly-bucket-prod.s3.ap-northeast-2.amazonaws.com/dog/size/2482668293/07f6aa4b.jpeg,https://doggly-bucket-prod.s3.ap-northeast-2.amazonaws.com/dog/size/2482668293/07f6aa4b.jpeg,44.86,38.26,27.56,22.67,RECOMMEND,RECOMMEND,RECOMMEND,RECOMMEND,30:28.4,1,0
DOaa5d3f-221017-UK0baddb,UK0baddb-221017-3b99a50c,호두,푸들토이,모르겠어요,4.8,00:00.0,https://doggly-bucket-prod.s3.ap-northeast-2.amazonaws.com/dog/size/2487983513/af6b65f6.jpeg,https://doggly-bucket-prod.s3.ap-northeast-2.amazonaws.com/dog/size/2487983513/af6b65f6.jpeg,40,35,24,24,USER,USER,USER,USER,41:47.4,1,0
DOd8609e-221017-UK0baddb,UK0baddb-221017-3b99a50c,레오,푸들토이,모르겠어요,3.4,00:00.0,https://doggly-bucket-prod.s3.ap-northeast-2.amazonaws.com/dog/size/2487983513/1cc092e3.jpeg,https://doggly-bucket-prod.s3.ap-northeast-2.amazonaws.com/dog/size/2487983513/1cc092e3.jpeg,33,34,20,25,USER,USER,USER,USER,06:53.3,0,0
DOe384d7-221009-UK0bd01b,UK0bd01b-221009-fec77c0f,머니,진돗개,모르겠어요,20,00:00.0,https://doggly-bucket-prod.s3.ap-northeast-2.amazonaws.com/dog/size/2478313894/33c052b5.jpeg,https://doggly-bucket-prod.s3.ap-northeast-2.amazonaws.com/dog/size/2478313894/33c052b5.jpeg,64,51,41,27.5,USER,USER,USER,USER,48:24.1,1,0
DO9552a8-221023-UK0d8518,UK0d8518-221023-a6c333c4,아루,치와와,모르겠어요,2,00:00.0,https://doggly-bucket-prod.s3.ap-northeast-2.amazonaws.com/dog/size/2495585093/61570bbb.jpeg,https://doggly-bucket-prod.s3.ap-northeast-2.amazonaws.com/dog/size/2495585093/61570bbb.jpeg,29.27,21.44,19.15,13.23,RECOMMEND,RECOMMEND,RECOMMEND,RECOMMEND,14:58.3,1,0
DO53671d-221024-UK0d8518,UK0d8518-221023-a6c333c4,아루,치와와,모르겠어요,2.1,00:00.0,https://doggly-bucket-prod.s3.ap-northeast-2.amazonaws.com/dog/size/2495585093/7d957de4.jpeg,https://doggly-bucket-prod.s3.ap-northeast-2.amazonaws.com/dog/size/2495585093/7d957de4.jpeg,26,26,22,12,USER,USER,USER,USER,04:49.4,0,0
DOd546a9-221018-UK117fe7,UK117fe7-221018-7a140ef9,구뽕이,믹스 중형견,모르겠어요,3.2,00:00.0,https://doggly-bucket-prod.s3.ap-northeast-2.amazonaws.com/dog/size/2488772799/a559eb9d.jpeg,https://doggly-bucket-prod.s3.ap-northeast-2.amazonaws.com/dog/size/2488772799/a559eb9d.jpeg,33,34,20,14,USER,USER,USER,USER,10:47.2,1,0
DOd9416f-221017-UK11fbab,UK11fbab-221017-15913cd3,사랑이,포메라니안,모르겠어요,4.8,00:00.0,https://doggly-bucket-prod.s3.ap-northeast-2.amazonaws.com/dog/size/2487359982/7b263f61.jpeg,https://doggly-bucket-prod.s3.ap-northeast-2.amazonaws.com/dog/size/2487359982/7b263f61.jpeg,30.1,48,24.2,27.8,USER,USER,USER,USER,01:01.6,1,0
DO9b6095-221030-UK12537b,UK12537b-221030-6da0b6ca,라라,보더콜리,모르겠어요,17.5,00:00.0,https://doggly-bucket-prod.s3.ap-northeast-2.amazonaws.com/dog/size/2504074879/372f327f.jpeg,https://doggly-bucket-prod.s3.ap-northeast-2.amazonaws.com/dog/size/2504074879/372f327f.jpeg,60,52,33,15,USER,USER,USER,USER,02:38.5,1,0
DOc0dc92-221018-UK12e6be,UK12e6be-221018-2875b155,빵남매,포메라니안,모르겠어요,2.7,00:00.0,https://doggly-bucket-prod.s3.ap-northeast-2.amazonaws.com/dog/size/2488575933/dd8504bd.jpeg,https://doggly-bucket-prod.s3.ap-northeast-2.amazonaws.com/dog/size/2488575933/dd8504bd.jpeg,35.49,31.61,17.72,12.79,RECOMMEND,RECOMMEND,RECOMMEND,RECOMMEND,21:39.3,1,0
DO19615c-221022-UK137c1f,UK137c1f-221022-112dc830,망고,믹스 소형견,모르겠어요,3.7,00:00.0,https://doggly-bucket-prod.s3.ap-northeast-2.amazonaws.com/dog/size/2494615969/19ff4ce4.jpeg,https://doggly-bucket-prod.s3.ap-northeast-2.amazonaws.com/dog/size/2494615969/19ff4ce4.jpeg,37.38,30.93,22.79,16.98,RECOMMEND,RECOMMEND,RECOMMEND,RECOMMEND,04:17.4,1,0
DO0e439a-221026-UK161041,UK161041-221026-af886fc5,사랑이,포메라니안,모르겠어요,3,00:00.0,https://doggly-bucket-prod.s3.ap-northeast-2.amazonaws.com/dog/size/2499213509/969e5f7d.jpeg,https://doggly-bucket-prod.s3.ap-northeast-2.amazonaws.com/dog/size/2499213509/969e5f7d.jpeg,35,30,18,10,USER,USER,USER,USER,47:22.9,1,0
DO54c476-221101-UK161ca6,UK161ca6-221101-d321747b,심시루,말티즈,모르겠어요,1.6,00:00.0,https://doggly-bucket-prod.s3.ap-northeast-2.amazonaws.com/dog/size/2506793566/14ee82c9.jpeg,https://doggly-bucket-prod.s3.ap-northeast-2.amazonaws.com/dog/size/2506793566/14ee82c9.jpeg,27,21,15,9,USER,USER,USER,USER,18:28.8,1,0
DOaa3db6-221019-UK163b21,UK163b21-221019-b5b229a3,채아,말티즈,모르겠어요,1.7,00:00.0,https://doggly-bucket-prod.s3.ap-northeast-2.amazonaws.com/dog/size/2490356142/9c0a4309.jpeg,https://doggly-bucket-prod.s3.ap-northeast-2.amazonaws.com/dog/size/2490356142/9c0a4309.jpeg,27.73,23.39,18.69,11.28,RECOMMEND,RECOMMEND,RECOMMEND,RECOMMEND,14:25.1,1,0
DO7d5593-221019-UK163b21,UK163b21-221019-b5b229a3,채아,말티즈,모르겠어요,1.7,00:00.0,https://doggly-bucket-prod.s3.ap-northeast-2.amazonaws.com/dog/size/2490356142/2237aa80.jpeg,https://doggly-bucket-prod.s3.ap-northeast-2.amazonaws.com/dog/size/2490356142/2237aa80.jpeg,27.86,24.35,17.94,10.71,RECOMMEND,RECOMMEND,RECOMMEND,RECOMMEND,16:19.4,0,0
DOa5a3b5-221017-UK16ad60,UK16ad60-221017-d3909c0b,김두부,비숑 프리제,모르겠어요,2.2,00:00.0,https://doggly-bucket-prod.s3.ap-northeast-2.amazonaws.com/dog/size/2488147565/4d6b6004.jpeg,https://doggly-bucket-prod.s3.ap-northeast-2.amazonaws.com/dog/size/2488147565/4d6b6004.jpeg,30,25,20,15,USER,USER,USER,USER,59:12.4,1,0
DOc3c80c-221025-UK196717,UK196717-221025-91c46bb5,렛서,비숑 프리제,모르겠어요,5.4,00:00.0,https://doggly-bucket-prod.s3.ap-northeast-2.amazonaws.com/dog/size/2497455955/092629bd.jpeg,https://doggly-bucket-prod.s3.ap-northeast-2.amazonaws.com/dog/size/2497455955/092629bd.jpeg,25.6,28,24,26,USER,USER,USER,USER,13:54.7,1,0
DO779484-221014-UK19f75b,UK19f75b-221014-8db79200,코코,포메라니안,모르겠어요,7.9,00:00.0,https://doggly-bucket-prod.s3.ap-northeast-2.amazonaws.com/dog/size/2484767413/352cacc7.jpeg,https://doggly-bucket-prod.s3.ap-northeast-2.amazonaws.com/dog/size/2484767413/352cacc7.jpeg,49.55,38.19,33.64,21.28,RECOMMEND,RECOMMEND,RECOMMEND,RECOMMEND,32:12.3,1,0
DOf542c7-221022-UK1a5b57,UK1a5b57-221022-7eadd5cb,모카,웰시 코기,모르겠어요,11,00:00.0,https://doggly-bucket-prod.s3.ap-northeast-2.amazonaws.com/dog/size/2493698197/841a6513.jpeg,https://doggly-bucket-prod.s3.ap-northeast-2.amazonaws.com/dog/size/2493698197/841a6513.jpeg,53.8,47.32,35.31,14.53,RECOMMEND,RECOMMEND,RECOMMEND,RECOMMEND,01:58.7,1,0
DO428ce1-221017-UK1baa4c,UK1baa4c-221017-ada8824c,코코,푸들토이,모르겠어요,6.6,00:00.0,https://doggly-bucket-prod.s3.ap-northeast-2.amazonaws.com/dog/size/2487503352/85f1e048.jpeg,https://doggly-bucket-prod.s3.ap-northeast-2.amazonaws.com/dog/size/2487503352/85f1e048.jpeg,44.5,38,27.97,23.27,RECOMMEND,RECOMMEND,RECOMMEND,RECOMMEND,05:54.9,1,0
DO491e37-221025-UK1f443b,UK1f443b-221025-e9279c03,깡지,믹스 소형견,모르겠어요,8,00:00.0,https://doggly-bucket-prod.s3.ap-northeast-2.amazonaws.com/dog/size/2497437275/903e6ce3.jpeg,https://doggly-bucket-prod.s3.ap-northeast-2.amazonaws.com/dog/size/2497437275/903e6ce3.jpeg,45,41,31,15,USER,USER,USER,USER,44:11.7,1,0
DOcfd61d-221011-UK205433,UK205433-221011-9d9c8939,하늘별이 ,비숑 프리제,모르겠어요,5,00:00.0,https://doggly-bucket-prod.s3.ap-northeast-2.amazonaws.com/dog/size/2479786877/eeff87f0.jpeg,https://doggly-bucket-prod.s3.ap-northeast-2.amazonaws.com/dog/size/2479786877/eeff87f0.jpeg,40.85,35.77,25.31,17.42,RECOMMEND,RECOMMEND,RECOMMEND,RECOMMEND,38:19.1,1,0
DO94cc84-221023-UK20b609,UK20b609-221023-60503a0b,뭉치,비숑 프리제,모르겠어요,8.4,00:00.0,https://doggly-bucket-prod.s3.ap-northeast-2.amazonaws.com/dog/size/2495106260/56e7da03.jpeg,https://doggly-bucket-prod.s3.ap-northeast-2.amazonaws.com/dog/size/2495106260/56e7da03.jpeg,44,48,23,23,USER,USER,USER,USER,45:37.2,1,0
DOcfb7cd-221031-UK21fa97,UK21fa97-221031-3f60eda0,꼬미,비숑 프리제,모르겠어요,3.8,00:00.0,https://doggly-bucket-prod.s3.ap-northeast-2.amazonaws.com/dog/size/2506170499/0042421a.jpeg,https://doggly-bucket-prod.s3.ap-northeast-2.amazonaws.com/dog/size/2506170499/0042421a.jpeg,37.58,31.74,22.47,16.96,RECOMMEND,RECOMMEND,RECOMMEND,RECOMMEND,53:55.6,1,0
DO6c694f-221007-UK22d236,UK22d236-221007-7443c86e,쪼꼬,믹스 소형견,모르겠어요,1.4,00:00.0,https://doggly-bucket-prod.s3.ap-northeast-2.amazonaws.com/dog/size/2475301415/eca24cf4.jpeg,https://doggly-bucket-prod.s3.ap-northeast-2.amazonaws.com/dog/size/2475301415/eca24cf4.jpeg,21.14,16.97,12.94,9.22,RECOMMEND,RECOMMEND,RECOMMEND,RECOMMEND,20:26.0,1,0
DO8c107d-221024-UK232933,UK232933-220925-aafc67cd,물만두,믹스 중형견,모르겠어요,2.5,00:00.0,https://doggly-bucket-prod.s3.ap-northeast-2.amazonaws.com/dog/size/2443205869/4652d2f4.jpeg,https://doggly-bucket-prod.s3.ap-northeast-2.amazonaws.com/dog/size/2443205869/4652d2f4.jpeg,30.3,25.42,19.21,13.9,RECOMMEND,RECOMMEND,RECOMMEND,RECOMMEND,28:43.0,0,0
DO03fded-221024-UK238c4b,UK238c4b-221024-f5078c69,초코,말티즈,모르겠어요,6,00:00.0,https://doggly-bucket-prod.s3.ap-northeast-2.amazonaws.com/dog/size/2497000473/df1efe05.jpeg,https://doggly-bucket-prod.s3.ap-northeast-2.amazonaws.com/dog/size/2497000473/df1efe05.jpeg,45,32,26,14,USER,USER,USER,USER,42:32.4,1,0
DOc097d9-221019-UK249752,UK249752-221019-cd68d469,코코/라울,치와와,모르겠어요,3,00:00.0,https://doggly-bucket-prod.s3.ap-northeast-2.amazonaws.com/dog/size/2490000307/314cd7e9.jpeg,https://doggly-bucket-prod.s3.ap-northeast-2.amazonaws.com/dog/size/2490000307/314cd7e9.jpeg,34.21,25.32,24.22,15.04,RECOMMEND,RECOMMEND,RECOMMEND,RECOMMEND,54:06.8,1,0
DO849cb1-221014-UK254274,UK254274-221014-e3056b49,이산들,골든 리트리버,모르겠어요,52,00:00.0,https://doggly-bucket-prod.s3.ap-northeast-2.amazonaws.com/dog/size/2484115695/208b1aa1.jpeg,https://doggly-bucket-prod.s3.ap-northeast-2.amazonaws.com/dog/size/2484115695/208b1aa1.jpeg,87.4,67.42,54.03,39.32,RECOMMEND,RECOMMEND,RECOMMEND,RECOMMEND,33:44.4,1,0
DO5ed730-221008-UK270bdc,UK270bdc-221008-819cf4b0,짱아,믹스 중형견,모르겠어요,6.4,00:00.0,https://doggly-bucket-prod.s3.ap-northeast-2.amazonaws.com/dog/size/2476416672/8d6e080f.jpeg,https://doggly-bucket-prod.s3.ap-northeast-2.amazonaws.com/dog/size/2476416672/8d6e080f.jpeg,45.87,38.17,29.55,21.36,RECOMMEND,RECOMMEND,RECOMMEND,RECOMMEND,15:41.1,1,0
DOe3f6c1-221016-UK27c8ae,UK27c8ae-221016-811b21c4,조지,시바 이누,모르겠어요,7.8,00:00.0,https://doggly-bucket-prod.s3.ap-northeast-2.amazonaws.com/dog/size/2486810059/a878563f.jpeg,https://doggly-bucket-prod.s3.ap-northeast-2.amazonaws.com/dog/size/2486810059/a878563f.jpeg,49.68,37.8,33.08,21.39,RECOMMEND,RECOMMEND,RECOMMEND,RECOMMEND,58:40.8,1,0
DO8efeec-221007-UK27fa79,UK27fa79-221007-8565b990,맥스,래브라도 리트리버,모르겠어요,3,00:00.0,https://doggly-bucket-prod.s3.ap-northeast-2.amazonaws.com/dog/size/2475427512/5d4547ee.jpeg,https://doggly-bucket-prod.s3.ap-northeast-2.amazonaws.com/dog/size/2475427512/5d4547ee.jpeg,30,30,15,12,USER,USER,USER,USER,03:31.7,1,0
DOea54c3-221008-UK287b95,UK287b95-221008-0f852d2a,마음,말티즈,모르겠어요,4,00:00.0,https://doggly-bucket-prod.s3.ap-northeast-2.amazonaws.com/dog/size/2475848698/d078fb4d.jpeg,https://doggly-bucket-prod.s3.ap-northeast-2.amazonaws.com/dog/size/2475848698/d078fb4d.jpeg,37.03,31.14,23.16,14.98,RECOMMEND,RECOMMEND,RECOMMEND,RECOMMEND,18:15.0,1,0
DO0affc3-221018-UK291aa1,UK291aa1-221018-4e0ffe36,뭉이,믹스 중형견,모르겠어요,8,00:00.0,https://doggly-bucket-prod.s3.ap-northeast-2.amazonaws.com/dog/size/2488862851/109da2d9.jpeg,https://doggly-bucket-prod.s3.ap-northeast-2.amazonaws.com/dog/size/2488862851/109da2d9.jpeg,52,27,23,23,USER,USER,USER,USER,23:41.3,1,0
DO12162b-221022-UK2ad521,UK2ad521-221022-114eba62,벤더,믹스 대형견,모르겠어요,30,00:00.0,https://doggly-bucket-prod.s3.ap-northeast-2.amazonaws.com/dog/size/2494553940/973b96fb.jpeg,https://doggly-bucket-prod.s3.ap-northeast-2.amazonaws.com/dog/size/2494553940/973b96fb.jpeg,77,58,48,30,USER,USER,USER,USER,11:36.1,1,0
DOfbf931-221101-UK2aed31,UK2aed31-221101-59c52fc3,솜이,포메라니안,모르겠어요,2.8,00:00.0,https://doggly-bucket-prod.s3.ap-northeast-2.amazonaws.com/dog/size/2506667755/9d0c164e.jpeg,https://doggly-bucket-prod.s3.ap-northeast-2.amazonaws.com/dog/size/2506667755/9d0c164e.jpeg,36.34,32.66,17.7,13.1,RECOMMEND,RECOMMEND,RECOMMEND,RECOMMEND,14:24.7,1,0
DO7f21d8-221009-UK2b5b70,UK2b5b70-221009-e2d738ca,방울이,말티즈,모르겠어요,3.5,00:00.0,https://doggly-bucket-prod.s3.ap-northeast-2.amazonaws.com/dog/size/2477636742/2c8d6eb9.jpeg,https://doggly-bucket-prod.s3.ap-northeast-2.amazonaws.com/dog/size/2477636742/2c8d6eb9.jpeg,25,28,20,20,USER,USER,USER,USER,45:26.6,1,0
DOd557d4-221017-UK2dd179,UK2dd179-221017-eae2c26c,테리,프렌치 불독,모르겠어요,8.6,00:00.0,https://doggly-bucket-prod.s3.ap-northeast-2.amazonaws.com/dog/size/2487540323/0bff358a.jpeg,https://doggly-bucket-prod.s3.ap-northeast-2.amazonaws.com/dog/size/2487540323/0bff358a.jpeg,51.2,36.22,34.84,18.03,RECOMMEND,RECOMMEND,RECOMMEND,RECOMMEND,35:42.6,1,0
DOd30f2a-221012-UK2e15c9,UK2e15c9-221012-f9e0b964,김구름,포메라니안,모르겠어요,2.5,00:00.0,https://doggly-bucket-prod.s3.ap-northeast-2.amazonaws.com/dog/size/2481262421/8e7edc07.jpeg,https://doggly-bucket-prod.s3.ap-northeast-2.amazonaws.com/dog/size/2481262421/8e7edc07.jpeg,33.68,30.14,16.49,13.15,RECOMMEND,RECOMMEND,RECOMMEND,RECOMMEND,54:38.7,1,0
DO3ac486-221013-UK2e5b67,UK2e5b67-221013-713c1fd5,아둥이,웰시 코기,모르겠어요,12,00:00.0,https://doggly-bucket-prod.s3.ap-northeast-2.amazonaws.com/dog/size/2482912381/d55cd447.jpeg,https://doggly-bucket-prod.s3.ap-northeast-2.amazonaws.com/dog/size/2482912381/d55cd447.jpeg,40,45,30,15,USER,USER,USER,USER,32:02.0,1,0
DO3046f8-221026-UK2efc1d,UK2efc1d-221026-123b2625,연탄,믹스 소형견,모르겠어요,2,00:00.0,https://doggly-bucket-prod.s3.ap-northeast-2.amazonaws.com/dog/size/2500148271/dd32a480.jpeg,https://doggly-bucket-prod.s3.ap-northeast-2.amazonaws.com/dog/size/2500148271/dd32a480.jpeg,20,29,19,11,USER,USER,USER,USER,42:15.3,1,0
DO881ffd-221025-UK2f19a7,UK2f19a7-221025-709bebf6,쫄이,포메라니안,모르겠어요,2.5,00:00.0,https://doggly-bucket-prod.s3.ap-northeast-2.amazonaws.com/dog/size/2498141221/23242026.jpeg,https://doggly-bucket-prod.s3.ap-northeast-2.amazonaws.com/dog/size/2498141221/23242026.jpeg,40,55,25,12,USER,USER,USER,USER,50:52.3,1,0
DObdccae-221025-UK303383,UK303383-221025-611ce2bb,단비,웰시 코기,모르겠어요,9.6,00:00.0,https://doggly-bucket-prod.s3.ap-northeast-2.amazonaws.com/dog/size/2497650775/2c595789.jpeg,https://doggly-bucket-prod.s3.ap-northeast-2.amazonaws.com/dog/size/2497650775/2c595789.jpeg,50.56,44.86,33.16,13.64,RECOMMEND,RECOMMEND,RECOMMEND,RECOMMEND,25:35.4,1,0
DOf3e6db-221007-UK3718bb,UK3718bb-221007-8abe7140,베베,포메라니안,모르겠어요,2.6,00:00.0,https://doggly-bucket-prod.s3.ap-northeast-2.amazonaws.com/dog/size/2475019142/c3a9b43d.jpeg,https://doggly-bucket-prod.s3.ap-northeast-2.amazonaws.com/dog/size/2475019142/c3a9b43d.jpeg,34.62,31.03,17.63,13.31,RECOMMEND,RECOMMEND,RECOMMEND,RECOMMEND,51:28.8,0,0
DO54bbd0-221007-UK37e09b,UK37e09b-221007-13ae9a84,권꼬미,포메라니안,모르겠어요,4,00:00.0,https://doggly-bucket-prod.s3.ap-northeast-2.amazonaws.com/dog/size/2475342189/f0621f96.jpeg,https://doggly-bucket-prod.s3.ap-northeast-2.amazonaws.com/dog/size/2475342189/f0621f96.jpeg,38.5,24.5,24,13,USER,USER,USER,USER,51:54.6,1,0
DOa4f9ed-221019-UK380bb0,UK380bb0-221019-0be53672,율무,웰시 코기,모르겠어요,19.5,00:00.0,https://doggly-bucket-prod.s3.ap-northeast-2.amazonaws.com/dog/size/2490268506/07a656a4.jpeg,https://doggly-bucket-prod.s3.ap-northeast-2.amazonaws.com/dog/size/2490268506/07a656a4.jpeg,64.96,58.08,42.87,17.37,RECOMMEND,RECOMMEND,RECOMMEND,RECOMMEND,07:28.5,1,0
DOe74efd-221010-UK3ecbf1,UK3ecbf1-221010-e1408c45,달,재패니즈 스피츠,모르겠어요,5.8,00:00.0,https://doggly-bucket-prod.s3.ap-northeast-2.amazonaws.com/dog/size/2478507995/5eff6038.jpeg,https://doggly-bucket-prod.s3.ap-northeast-2.amazonaws.com/dog/size/2478507995/5eff6038.jpeg,17.5,29.5,12.9,18,USER,USER,USER,USER,17:38.4,0,0
DO109c31-221025-UK3fdeba,UK3fdeba-221025-84f57f3f,은비,푸들토이,모르겠어요,3.7,00:00.0,https://doggly-bucket-prod.s3.ap-northeast-2.amazonaws.com/dog/size/2497696018/3581dd8c.jpeg,https://doggly-bucket-prod.s3.ap-northeast-2.amazonaws.com/dog/size/2497696018/3581dd8c.jpeg,36.45,31.91,22.18,18.1,RECOMMEND,RECOMMEND,RECOMMEND,RECOMMEND,05:14.0,1,0
DO1ed796-221012-UK40909a,UK40909a-220922-123b861c,로이,포메라니안,모르겠어요,2.5,00:00.0,https://doggly-bucket-prod.s3.ap-northeast-2.amazonaws.com/dog/size/2440070494/1a81ddd2.jpeg,https://doggly-bucket-prod.s3.ap-northeast-2.amazonaws.com/dog/size/2440070494/1a81ddd2.jpeg,34.2,30.5,16.95,12.59,RECOMMEND,RECOMMEND,RECOMMEND,RECOMMEND,22:44.2,0,0
DO52ea4f-221024-UK413c36,UK413c36-221024-ce2e1ee5,빠숑,비숑 프리제,모르겠어요,4.3,00:00.0,https://doggly-bucket-prod.s3.ap-northeast-2.amazonaws.com/dog/size/2496929386/aaf72bed.jpeg,https://doggly-bucket-prod.s3.ap-northeast-2.amazonaws.com/dog/size/2496929386/aaf72bed.jpeg,38.1,35.4,23.6,17.8,USER,USER,USER,USER,45:41.0,1,0
DOdff1d7-221019-UK425eac,UK425eac-221019-d7d40336,아랑,포메라니안,모르겠어요,0.9,00:00.0,https://doggly-bucket-prod.s3.ap-northeast-2.amazonaws.com/dog/size/2490112153/059ae25e.jpeg,https://doggly-bucket-prod.s3.ap-northeast-2.amazonaws.com/dog/size/2490112153/059ae25e.jpeg,19.64,15.37,12.48,8.3,RECOMMEND,RECOMMEND,RECOMMEND,RECOMMEND,19:03.7,1,0
DO8931b0-221020-UK427704,UK427704-221020-6df3ff56,땅콩,포메라니안,모르겠어요,0.75,00:00.0,https://doggly-bucket-prod.s3.ap-northeast-2.amazonaws.com/dog/size/2492073231/1f41801c.jpeg,https://doggly-bucket-prod.s3.ap-northeast-2.amazonaws.com/dog/size/2492073231/1f41801c.jpeg,25,21,7,8,USER,USER,USER,USER,54:03.2,1,0
DObf0884-221007-UK459e40,UK459e40-220922-ec926203,감자,포메라니안,모르겠어요,3.2,00:00.0,https://doggly-bucket-prod.s3.ap-northeast-2.amazonaws.com/dog/size/2439801783/8148041e.jpeg,https://doggly-bucket-prod.s3.ap-northeast-2.amazonaws.com/dog/size/2439801783/8148041e.jpeg,36,24,23,13,USER,USER,USER,USER,27:24.2,0,0
DOd432a2-221021-UK4920b7,UK4920b7-221021-f2d36460,망고,시츄,모르겠어요,3.5,00:00.0,https://doggly-bucket-prod.s3.ap-northeast-2.amazonaws.com/dog/size/2493416829/6342e977.jpeg,https://doggly-bucket-prod.s3.ap-northeast-2.amazonaws.com/dog/size/2493416829/6342e977.jpeg,35.17,29.96,23.01,14.4,RECOMMEND,RECOMMEND,RECOMMEND,RECOMMEND,57:25.3,1,0
DOf75cb6-221007-UK4a2357,UK4a2357-221007-5f259d1c,땅콩,치와와,모르겠어요,2,00:00.0,https://doggly-bucket-prod.s3.ap-northeast-2.amazonaws.com/dog/size/2474873214/c85b966b.jpeg,https://doggly-bucket-prod.s3.ap-northeast-2.amazonaws.com/dog/size/2474873214/c85b966b.jpeg,29.09,21.31,19.75,13.38,RECOMMEND,RECOMMEND,RECOMMEND,RECOMMEND,49:48.0,1,0
DO5077ac-221014-UK4cabf7,UK4cabf7-221014-b55a9a64,라떼,푸들 미디엄미니어처,모르겠어요,6.7,00:00.0,https://doggly-bucket-prod.s3.ap-northeast-2.amazonaws.com/dog/size/2485094426/979586fe.jpeg,https://doggly-bucket-prod.s3.ap-northeast-2.amazonaws.com/dog/size/2485094426/979586fe.jpeg,44.7,38.21,27.54,22.8,RECOMMEND,RECOMMEND,RECOMMEND,RECOMMEND,05:51.6,1,0
DO384965-221011-UK4e1b3b,UK4e1b3b-221011-42017127,룽지,포메라니안,모르겠어요,2,00:00.0,https://doggly-bucket-prod.s3.ap-northeast-2.amazonaws.com/dog/size/2481113047/7f1250f3.jpeg,https://doggly-bucket-prod.s3.ap-northeast-2.amazonaws.com/dog/size/2481113047/7f1250f3.jpeg,30.57,27.61,14.9,11.46,RECOMMEND,RECOMMEND,RECOMMEND,RECOMMEND,50:09.7,1,0
DO24d9d9-221029-UK50235e,UK50235e-221029-ed0b9a36,산이,푸들 미디엄미니어처,모르겠어요,9.8,00:00.0,https://doggly-bucket-prod.s3.ap-northeast-2.amazonaws.com/dog/size/2502838293/186b2a3b.jpeg,https://doggly-bucket-prod.s3.ap-northeast-2.amazonaws.com/dog/size/2502838293/186b2a3b.jpeg,50,50,31.5,20,USER,USER,USER,USER,44:10.4,1,0
DO090a7e-221013-UK5039d1,UK5039d1-221013-6373b5e2,쿠앤크,믹스 중형견,모르겠어요,10.3,00:00.0,https://doggly-bucket-prod.s3.ap-northeast-2.amazonaws.com/dog/size/2482833026/312e10de.jpeg,https://doggly-bucket-prod.s3.ap-northeast-2.amazonaws.com/dog/size/2482833026/312e10de.jpeg,54.18,45.48,34.27,23.35,USER,USER,USER,USER,05:16.6,1,0
DO28d96b-221008-UK521129,UK521129-221008-778edcf8,키키,치와와,모르겠어요,3.3,00:00.0,https://doggly-bucket-prod.s3.ap-northeast-2.amazonaws.com/dog/size/2476806508/be37f4cb.jpeg,https://doggly-bucket-prod.s3.ap-northeast-2.amazonaws.com/dog/size/2476806508/be37f4cb.jpeg,36.72,26.1,23.79,15.74,RECOMMEND,RECOMMEND,RECOMMEND,RECOMMEND,24:45.8,1,0
DOa612d4-221022-UK54b32e,UK54b32e-221002-0ce5b4b7,양갱,보스턴 테리어,모르겠어요,8,00:00.0,https://doggly-bucket-prod.s3.ap-northeast-2.amazonaws.com/dog/size/2468511685/a95b7c3b.jpeg,https://doggly-bucket-prod.s3.ap-northeast-2.amazonaws.com/dog/size/2468511685/a95b7c3b.jpeg,50,49,29,20,USER,USER,USER,USER,26:40.8,0,0
DO29865e-221022-UK54b32e,UK54b32e-221002-0ce5b4b7,양갱,보스턴 테리어,모르겠어요,8.5,00:00.0,https://doggly-bucket-prod.s3.ap-northeast-2.amazonaws.com/dog/size/2468511685/f613e17d.jpeg,https://doggly-bucket-prod.s3.ap-northeast-2.amazonaws.com/dog/size/2468511685/f613e17d.jpeg,50,50,28,25,USER,USER,USER,USER,51:35.3,0,0
DOade9aa-221024-UK5566ad,UK5566ad-221024-ee15ec83,곰이,진돗개,모르겠어요,25,00:00.0,https://doggly-bucket-prod.s3.ap-northeast-2.amazonaws.com/dog/size/2496052072/c8757007.jpeg,https://doggly-bucket-prod.s3.ap-northeast-2.amazonaws.com/dog/size/2496052072/c8757007.jpeg,65,57,43.5,35,USER,USER,USER,USER,35:19.2,1,0
DOba08a3-221025-UK563b7f,UK563b7f-221025-f796d48e,부비,골든 리트리버,모르겠어요,40,00:00.0,https://doggly-bucket-prod.s3.ap-northeast-2.amazonaws.com/dog/size/2498016129/3aa3e3a2.jpeg,https://doggly-bucket-prod.s3.ap-northeast-2.amazonaws.com/dog/size/2498016129/3aa3e3a2.jpeg,79.77,63.43,50.81,36.9,RECOMMEND,RECOMMEND,RECOMMEND,RECOMMEND,16:40.4,1,0
DO71f4a6-221007-UK57aa53,UK57aa53-221007-aa48d963,포비,비숑 프리제,남자,8.7,00:00.0,,https://doggly-bucket-prod.s3.ap-northeast-2.amazonaws.com/dog/size/2475685585/5592329f.jpeg,49,40,33,21,USER,USER,USER,USER,42:51.0,1,0
DOd5d20e-221007-UK57aa53,UK57aa53-221007-aa48d963,포비,비숑 프리제,모르겠어요,8.7,00:00.0,https://doggly-bucket-prod.s3.ap-northeast-2.amazonaws.com/dog/size/2475685585/629c4304.jpeg,https://doggly-bucket-prod.s3.ap-northeast-2.amazonaws.com/dog/size/2475685585/629c4304.jpeg,48,40,32,23,USER,USER,USER,USER,45:15.4,0,0
DOb0378d-221011-UK57da31,UK57da31-221011-859b2968,태양이,믹스 중형견,모르겠어요,12,00:00.0,https://doggly-bucket-prod.s3.ap-northeast-2.amazonaws.com/dog/size/2480598931/6c29a583.jpeg,https://doggly-bucket-prod.s3.ap-northeast-2.amazonaws.com/dog/size/2480598931/6c29a583.jpeg,54,66,38,18,USER,USER,USER,USER,05:32.2,1,0
DOf99e45-221020-UK588846,UK588846-221020-d58c7910,짱구,푸들 미디엄미니어처,모르겠어요,6.5,00:00.0,https://doggly-bucket-prod.s3.ap-northeast-2.amazonaws.com/dog/size/2492041171/c134ca23.jpeg,https://doggly-bucket-prod.s3.ap-northeast-2.amazonaws.com/dog/size/2492041171/c134ca23.jpeg,45.15,38.92,27.52,22.64,RECOMMEND,RECOMMEND,RECOMMEND,RECOMMEND,27:56.7,1,0
DOc2b3f3-221017-UK58b04f,UK58b04f-221017-76da0ac5,탄,퍼그,모르겠어요,13,00:00.0,https://doggly-bucket-prod.s3.ap-northeast-2.amazonaws.com/dog/size/2486939117/213dbd61.jpeg,https://doggly-bucket-prod.s3.ap-northeast-2.amazonaws.com/dog/size/2486939117/213dbd61.jpeg,60,42,37,19,USER,USER,USER,USER,47:10.8,1,0
DO34c16f-221017-UK5a6a6b,UK5a6a6b-221017-6461d5b4,망치,믹스 소형견,모르겠어요,4.5,00:00.0,https://doggly-bucket-prod.s3.ap-northeast-2.amazonaws.com/dog/size/2487274730/cee7e7c9.jpeg,https://doggly-bucket-prod.s3.ap-northeast-2.amazonaws.com/dog/size/2487274730/cee7e7c9.jpeg,40.14,33.47,25.21,18.21,RECOMMEND,RECOMMEND,RECOMMEND,RECOMMEND,44:38.8,1,0
DOd9fb77-221029-UK5bd604,UK5bd604-221029-d31739f6,해리,시츄,모르겠어요,5.2,00:00.0,https://doggly-bucket-prod.s3.ap-northeast-2.amazonaws.com/dog/size/2503355760/fdf6f519.jpeg,https://doggly-bucket-prod.s3.ap-northeast-2.amazonaws.com/dog/size/2503355760/fdf6f519.jpeg,39,32,27,16,USER,USER,USER,USER,26:36.9,1,0
DO234e92-221007-UK5d4e7d,UK5d4e7d-221007-a53bf54a,블랙키,푸들토이,남자,3,00:00.0,,https://doggly-bucket-prod.s3.ap-northeast-2.amazonaws.com/dog/size/2474840947/47fbe1a0.jpeg,33.67,29.22,20.36,17.04,RECOMMEND,RECOMMEND,RECOMMEND,RECOMMEND,25:45.2,1,0
DO03d3e3-221020-UK5d5e21,UK5d5e21-221020-71f45366,우유,재패니즈 스피츠,모르겠어요,7,00:00.0,https://doggly-bucket-prod.s3.ap-northeast-2.amazonaws.com/dog/size/2491024047/3ffd55da.jpeg,https://doggly-bucket-prod.s3.ap-northeast-2.amazonaws.com/dog/size/2491024047/3ffd55da.jpeg,43,40,29,20,USER,USER,USER,USER,15:28.0,1,0
DOc3e6cb-221018-UK5fffc3,UK5fffc3-221018-d80a5273,박포뇨,포메라니안,여자,2.7,00:00.0,,https://doggly-bucket-prod.s3.ap-northeast-2.amazonaws.com/dog/size/2488326919/02f4e421.jpeg,35.51,31.31,17.13,13.1,RECOMMEND,RECOMMEND,RECOMMEND,RECOMMEND,17:47.3,1,0
DO57365c-221010-UK62e616,UK62e616-221010-b815fd8f,만월,시베리안 허스키,모르겠어요,1,00:00.0,https://doggly-bucket-prod.s3.ap-northeast-2.amazonaws.com/dog/size/2479316354/2c156f68.jpeg,https://doggly-bucket-prod.s3.ap-northeast-2.amazonaws.com/dog/size/2479316354/2c156f68.jpeg,21.58,16.48,14.2,10.01,RECOMMEND,RECOMMEND,RECOMMEND,RECOMMEND,05:01.5,1,0
DO030749-221025-UK6333d7,UK6333d7-221025-b3c5c90a,몽이,믹스 중형견,모르겠어요,14,00:00.0,https://doggly-bucket-prod.s3.ap-northeast-2.amazonaws.com/dog/size/2498419477/c182f8f5.jpeg,https://doggly-bucket-prod.s3.ap-northeast-2.amazonaws.com/dog/size/2498419477/c182f8f5.jpeg,58,48,35.5,23,USER,USER,USER,USER,18:57.0,1,0
DOb71e0e-221007-UK645c6d,UK645c6d-220922-75d13ed4,러뷰,푸들토이,모르겠어요,3.9,00:00.0,https://doggly-bucket-prod.s3.ap-northeast-2.amazonaws.com/dog/size/2439863420/151eeb0c.jpeg,https://doggly-bucket-prod.s3.ap-northeast-2.amazonaws.com/dog/size/2439863420/151eeb0c.jpeg,38,35,24.6,20,USER,USER,USER,USER,51:40.8,0,0
DOaa6542-221010-UK65fc8a,UK65fc8a-221010-387a1b98,망고,푸들토이,모르겠어요,4,00:00.0,https://doggly-bucket-prod.s3.ap-northeast-2.amazonaws.com/dog/size/2479264835/db4ed35d.jpeg,https://doggly-bucket-prod.s3.ap-northeast-2.amazonaws.com/dog/size/2479264835/db4ed35d.jpeg,38.01,32.57,23.68,18.57,RECOMMEND,RECOMMEND,RECOMMEND,RECOMMEND,25:53.2,1,0
DO8d6dc1-221018-UK66c30d,UK66c30d-221018-82ac8245,봉순,포메라니안,모르겠어요,2.2,00:00.0,https://doggly-bucket-prod.s3.ap-northeast-2.amazonaws.com/dog/size/2488571665/604ded51.jpeg,https://doggly-bucket-prod.s3.ap-northeast-2.amazonaws.com/dog/size/2488571665/604ded51.jpeg,32.1,28.72,16.22,12.23,RECOMMEND,RECOMMEND,RECOMMEND,RECOMMEND,17:38.7,1,0
DOcdb59d-221017-UK6725f5,UK6725f5-221017-62615962,하이,비숑 프리제,모르겠어요,3.3,00:00.0,https://doggly-bucket-prod.s3.ap-northeast-2.amazonaws.com/dog/size/2487931172/2a453f11.jpeg,https://doggly-bucket-prod.s3.ap-northeast-2.amazonaws.com/dog/size/2487931172/2a453f11.jpeg,25.3,29.5,20,18,USER,USER,USER,USER,02:39.7,1,0
DO509bd2-221017-UK67d292,UK67d292-221017-effbcea1,탄이,포메라니안,모르겠어요,4,00:00.0,https://doggly-bucket-prod.s3.ap-northeast-2.amazonaws.com/dog/size/2488098918/6f799481.jpeg,https://doggly-bucket-prod.s3.ap-northeast-2.amazonaws.com/dog/size/2488098918/6f799481.jpeg,41,30,25,17.5,USER,USER,USER,USER,10:43.6,1,0
DO703025-221007-UK6a206d,UK6a206d-221007-9ad7ee4b,후추,푸들토이,모르겠어요,3.5,00:00.0,https://doggly-bucket-prod.s3.ap-northeast-2.amazonaws.com/dog/size/2475502823/cf986284.jpeg,https://doggly-bucket-prod.s3.ap-northeast-2.amazonaws.com/dog/size/2475502823/cf986284.jpeg,31,38,20,18,USER,USER,USER,USER,06:10.0,1,0
DO7977bb-221026-UK6ac11c,UK6ac11c-221026-023f5cfa,도지,서섹스 스파니엘,모르겠어요,16,00:00.0,https://doggly-bucket-prod.s3.ap-northeast-2.amazonaws.com/dog/size/2499095096/9d6f9842.jpeg,https://doggly-bucket-prod.s3.ap-northeast-2.amazonaws.com/dog/size/2499095096/9d6f9842.jpeg,30,30,30,24,USER,USER,USER,USER,15:13.7,1,0
DO9a0c40-221024-UK6bb755,UK6bb755-221024-3712219e,도꿍,푸들토이,모르겠어요,6,00:00.0,https://doggly-bucket-prod.s3.ap-northeast-2.amazonaws.com/dog/size/2496846033/388f8e7b.jpeg,https://doggly-bucket-prod.s3.ap-northeast-2.amazonaws.com/dog/size/2496846033/388f8e7b.jpeg,42,37,26,22,USER,USER,USER,USER,43:51.9,1,0
DOee043d-221031-UK6d6d03,UK6d6d03-221031-02efee68,라떼,말티즈,모르겠어요,3.5,00:00.0,https://doggly-bucket-prod.s3.ap-northeast-2.amazonaws.com/dog/size/2505409683/2f0dea35.jpeg,https://doggly-bucket-prod.s3.ap-northeast-2.amazonaws.com/dog/size/2505409683/2f0dea35.jpeg,34.82,29.91,22.58,14.04,RECOMMEND,RECOMMEND,RECOMMEND,RECOMMEND,52:01.0,1,0
DO09fd25-221021-UK6e69d2,UK6e69d2-221021-3aabf3b3,정이,믹스 소형견,모르겠어요,8.5,00:00.0,https://doggly-bucket-prod.s3.ap-northeast-2.amazonaws.com/dog/size/2493069146/4024f883.jpeg,https://doggly-bucket-prod.s3.ap-northeast-2.amazonaws.com/dog/size/2493069146/4024f883.jpeg,50,42,28,25,USER,USER,USER,USER,19:58.5,1,0
DO96903b-221008-UK6efbcd,UK6efbcd-221008-e6a6fe57,태봉,포메라니안,모르겠어요,1.3,00:00.0,https://doggly-bucket-prod.s3.ap-northeast-2.amazonaws.com/dog/size/2476137138/8c09223e.jpeg,https://doggly-bucket-prod.s3.ap-northeast-2.amazonaws.com/dog/size/2476137138/8c09223e.jpeg,20,20,10,3,USER,USER,USER,USER,30:12.3,1,0
DO7d28c3-221024-UK7094bc,UK7094bc-221024-a0505388,릴리보나,푸들토이,모르겠어요,6.2,00:00.0,https://doggly-bucket-prod.s3.ap-northeast-2.amazonaws.com/dog/size/2497068008/00afeb70.jpeg,https://doggly-bucket-prod.s3.ap-northeast-2.amazonaws.com/dog/size/2497068008/00afeb70.jpeg,15.3,30,7.3,8,USER,USER,USER,USER,37:49.5,1,0
DOa7404a-221015-UK72db63,UK72db63-221015-d2958695,요미,포메라니안,모르겠어요,1.9,00:00.0,https://doggly-bucket-prod.s3.ap-northeast-2.amazonaws.com/dog/size/2485384493/654c4a33.jpeg,https://doggly-bucket-prod.s3.ap-northeast-2.amazonaws.com/dog/size/2485384493/654c4a33.jpeg,29.84,23.51,19.88,13.14,RECOMMEND,RECOMMEND,RECOMMEND,RECOMMEND,24:05.2,1,0
DOd5da6d-221020-UK72db63,UK72db63-221015-d2958695,요미,포메라니안,모르겠어요,1.8,00:00.0,https://doggly-bucket-prod.s3.ap-northeast-2.amazonaws.com/dog/size/2485384493/a582c46c.jpeg,https://doggly-bucket-prod.s3.ap-northeast-2.amazonaws.com/dog/size/2485384493/a582c46c.jpeg,30,19,19,13,USER,USER,USER,USER,52:37.7,0,0
DOb02e56-221010-UK72e917,UK72e917-221010-bd63165e,양갱,믹스 중형견,모르겠어요,10,00:00.0,https://doggly-bucket-prod.s3.ap-northeast-2.amazonaws.com/dog/size/2478353233/b2f678f2.jpeg,https://doggly-bucket-prod.s3.ap-northeast-2.amazonaws.com/dog/size/2478353233/b2f678f2.jpeg,53.36,44.42,33.91,23.81,RECOMMEND,RECOMMEND,RECOMMEND,RECOMMEND,29:21.9,1,0
DOcb7560-221031-UK731967,UK731967-221031-e994ccf8,솜이,믹스견,모르겠어요,10.4,00:00.0,https://doggly-bucket-prod.s3.ap-northeast-2.amazonaws.com/dog/size/2505275474/0729b683.jpeg,https://doggly-bucket-prod.s3.ap-northeast-2.amazonaws.com/dog/size/2505275474/0729b683.jpeg,53.94,45.18,33.44,23.82,RECOMMEND,RECOMMEND,RECOMMEND,RECOMMEND,36:16.0,1,0
DO86a6cf-221017-UK73d926,UK73d926-221017-5100c8a1,구름,포메라니안,모르겠어요,3.3,00:00.0,https://doggly-bucket-prod.s3.ap-northeast-2.amazonaws.com/dog/size/2487792258/a1ab2d76.jpeg,https://doggly-bucket-prod.s3.ap-northeast-2.amazonaws.com/dog/size/2487792258/a1ab2d76.jpeg,37,26,30,12,USER,USER,USER,USER,09:18.8,1,0
DO9d1c2c-221019-UK73d9c1,UK73d9c1-221019-2264d6d5,포도,포메라니안,모르겠어요,5.4,00:00.0,https://doggly-bucket-prod.s3.ap-northeast-2.amazonaws.com/dog/size/2490687995/e9158fbd.jpeg,https://doggly-bucket-prod.s3.ap-northeast-2.amazonaws.com/dog/size/2490687995/e9158fbd.jpeg,44.43,33.57,29.25,19.43,RECOMMEND,RECOMMEND,RECOMMEND,RECOMMEND,30:55.7,1,0
DOd45b9d-221019-UK73d9c1,UK73d9c1-221019-2264d6d5,포도,포메라니안,모르겠어요,5.4,00:00.0,https://doggly-bucket-prod.s3.ap-northeast-2.amazonaws.com/dog/size/2490687995/821e513e.jpeg,https://doggly-bucket-prod.s3.ap-northeast-2.amazonaws.com/dog/size/2490687995/821e513e.jpeg,45,34,29,18.7,USER,USER,USER,USER,44:51.7,0,0
DOf27978-221017-UK745a91,UK745a91-221017-e3c42463,솜이,비숑 프리제,모르겠어요,7.35,00:00.0,https://doggly-bucket-prod.s3.ap-northeast-2.amazonaws.com/dog/size/2487129592/c3d6a138.jpeg,https://doggly-bucket-prod.s3.ap-northeast-2.amazonaws.com/dog/size/2487129592/c3d6a138.jpeg,46.18,40.39,28.74,20.36,RECOMMEND,RECOMMEND,RECOMMEND,RECOMMEND,24:18.8,1,0
DOb71a50-221017-UK75a1d3,UK75a1d3-221017-68f081ac,미남이,말티즈,모르겠어요,4,00:00.0,https://doggly-bucket-prod.s3.ap-northeast-2.amazonaws.com/dog/size/2487840735/e18f43c7.jpeg,https://doggly-bucket-prod.s3.ap-northeast-2.amazonaws.com/dog/size/2487840735/e18f43c7.jpeg,38,33,23,13,USER,USER,USER,USER,50:46.7,1,0
DOc77e07-221014-UK776dfd,UK776dfd-221014-a855713f,밀키,비숑 프리제,모르겠어요,6.3,00:00.0,https://doggly-bucket-prod.s3.ap-northeast-2.amazonaws.com/dog/size/2485086021/5fcfccc4.jpeg,https://doggly-bucket-prod.s3.ap-northeast-2.amazonaws.com/dog/size/2485086021/5fcfccc4.jpeg,42,34,30,19,USER,USER,USER,USER,58:20.2,0,0
DO5bfb75-221014-UK776dfd,UK776dfd-221014-a855713f,밀키,비숑 프리제,남자,6.2,00:00.0,,https://doggly-bucket-prod.s3.ap-northeast-2.amazonaws.com/dog/size/2485086021/9248f4ee.jpeg,41,37,27,20,USER,USER,USER,USER,39:58.7,1,0
DO94b385-221014-UK776dfd,UK776dfd-221014-a855713f,밀키,비숑 프리제,모르겠어요,6.2,00:00.0,https://doggly-bucket-prod.s3.ap-northeast-2.amazonaws.com/dog/size/2485086021/8bc37d28.jpeg,https://doggly-bucket-prod.s3.ap-northeast-2.amazonaws.com/dog/size/2485086021/8bc37d28.jpeg,43,38,28,19,USER,USER,USER,USER,52:59.9,0,0
DO9fa9ed-221007-UK788e03,UK788e03-221007-47756723,관우,셔틀랜드 쉽독,모르겠어요,14,00:00.0,https://doggly-bucket-prod.s3.ap-northeast-2.amazonaws.com/dog/size/2474786956/62aa9855.jpeg,https://doggly-bucket-prod.s3.ap-northeast-2.amazonaws.com/dog/size/2474786956/62aa9855.jpeg,71,51,40,30,USER,USER,USER,USER,40:25.5,1,0
DOd03c03-221007-UK788e03,UK788e03-221007-47756723,관우,셔틀랜드 쉽독,모르겠어요,14,00:00.0,https://doggly-bucket-prod.s3.ap-northeast-2.amazonaws.com/dog/size/2474786956/6264649e.jpeg,https://doggly-bucket-prod.s3.ap-northeast-2.amazonaws.com/dog/size/2474786956/6264649e.jpeg,71,51,40,30,USER,USER,USER,USER,58:44.0,0,0
DO4ca873-221010-UK78d910,UK78d910-220922-5b2964e6,ㅅ,포메라니안,모르겠어요,4.4,00:00.0,https://doggly-bucket-prod.s3.ap-northeast-2.amazonaws.com/dog/size/2440272548/48ca2e6b.jpeg,https://doggly-bucket-prod.s3.ap-northeast-2.amazonaws.com/dog/size/2440272548/48ca2e6b.jpeg,42,30,27,16,USER,USER,USER,USER,26:37.8,0,0
DO97388a-221023-UK7ca912,UK7ca912-221023-e3f273eb,구름,푸들토이,모르겠어요,4.3,00:00.0,https://doggly-bucket-prod.s3.ap-northeast-2.amazonaws.com/dog/size/2494860932/9a782c05.jpeg,https://doggly-bucket-prod.s3.ap-northeast-2.amazonaws.com/dog/size/2494860932/9a782c05.jpeg,20.8,25.8,18.5,24.5,USER,USER,USER,USER,01:59.5,1,0
DO242882-221011-UK7e2803,UK7e2803-221011-afd7b40e,하리,비숑 프리제,모르겠어요,2.3,00:00.0,https://doggly-bucket-prod.s3.ap-northeast-2.amazonaws.com/dog/size/2479737236/25baadea.jpeg,https://doggly-bucket-prod.s3.ap-northeast-2.amazonaws.com/dog/size/2479737236/25baadea.jpeg,30,30,20,15,USER,USER,USER,USER,26:55.0,1,0
DO329e59-221014-UK7eb8de,UK7eb8de-221014-fe8ffb1c,까미,보더콜리,모르겠어요,13,00:00.0,https://doggly-bucket-prod.s3.ap-northeast-2.amazonaws.com/dog/size/2485131103/59376e84.jpeg,https://doggly-bucket-prod.s3.ap-northeast-2.amazonaws.com/dog/size/2485131103/59376e84.jpeg,54.05,41.87,33.78,24.64,RECOMMEND,RECOMMEND,RECOMMEND,RECOMMEND,37:08.3,1,0
DO7e75cf-221015-UK803ac4,UK803ac4-221015-e779df8f,토비,푸들 미디엄미니어처,모르겠어요,7,00:00.0,https://doggly-bucket-prod.s3.ap-northeast-2.amazonaws.com/dog/size/2485807372/9bd62f9b.jpeg,https://doggly-bucket-prod.s3.ap-northeast-2.amazonaws.com/dog/size/2485807372/9bd62f9b.jpeg,44.93,39.37,27.88,23.4,RECOMMEND,RECOMMEND,RECOMMEND,RECOMMEND,48:28.6,1,0
DO4c1bc6-221026-UK82df25,UK82df25-221026-d3d1154c,김덕구,골든 리트리버,모르겠어요,39.2,00:00.0,https://doggly-bucket-prod.s3.ap-northeast-2.amazonaws.com/dog/size/2498889236/48bb80b9.jpeg,https://doggly-bucket-prod.s3.ap-northeast-2.amazonaws.com/dog/size/2498889236/48bb80b9.jpeg,88,71,51,37,USER,USER,USER,USER,13:16.6,1,0
DO341722-221018-UK848d84,UK848d84-220927-b8576d8b,야채,비숑 프리제,모르겠어요,6.3,00:00.0,https://doggly-bucket-prod.s3.ap-northeast-2.amazonaws.com/dog/size/2462238901/90ef4e76.jpeg,https://doggly-bucket-prod.s3.ap-northeast-2.amazonaws.com/dog/size/2462238901/90ef4e76.jpeg,46,41,23,17,USER,USER,USER,USER,17:53.9,0,0
DO392752-221013-UK849684,UK849684-221006-63c28c81,도글이,믹스 소형견,모르겠어요,3,00:00.0,https://doggly-bucket-prod.s3.ap-northeast-2.amazonaws.com/dog/size/2368120258/c2e15817.jpeg,https://doggly-bucket-prod.s3.ap-northeast-2.amazonaws.com/dog/size/2368120258/c2e15817.jpeg,12,12,12,12,USER,USER,USER,USER,17:03.6,0,0
DO0b11c2-221017-UK849684,UK849684-221006-63c28c81,도글이,믹스 소형견,모르겠어요,3.1,00:00.0,https://doggly-bucket-prod.s3.ap-northeast-2.amazonaws.com/dog/size/2368120258/de2dab17.jpeg,https://doggly-bucket-prod.s3.ap-northeast-2.amazonaws.com/dog/size/2368120258/de2dab17.jpeg,30,23,20,11,USER,USER,USER,USER,26:20.6,0,0
DOc63de4-221023-UK852f0e,UK852f0e-221023-be412e29,황오키,비숑 프리제,모르겠어요,2,00:00.0,https://doggly-bucket-prod.s3.ap-northeast-2.amazonaws.com/dog/size/2495281391/78e6b93c.jpeg,https://doggly-bucket-prod.s3.ap-northeast-2.amazonaws.com/dog/size/2495281391/78e6b93c.jpeg,30,28,17,14,USER,USER,USER,USER,14:37.9,1,0
DOdfbcff-221030-UK853262,UK853262-221030-9b57f64c,봄,웰시 코기,모르겠어요,14,00:00.0,https://doggly-bucket-prod.s3.ap-northeast-2.amazonaws.com/dog/size/2504036947/eb6e6835.jpeg,https://doggly-bucket-prod.s3.ap-northeast-2.amazonaws.com/dog/size/2504036947/eb6e6835.jpeg,57.53,51.95,38.95,15.77,RECOMMEND,RECOMMEND,RECOMMEND,RECOMMEND,08:50.5,1,0
DObe6f18-221019-UK8569d2,UK8569d2-221019-d213a2f5,두부,말티즈,여자,3.6,00:00.0,https://doggly-bucket-prod.s3.ap-northeast-2.amazonaws.com/dog/profile/2384058106/06b208a4.jpeg,https://doggly-bucket-prod.s3.ap-northeast-2.amazonaws.com/dog/size/2384058106/5d86589c.jpeg,36.74,30.54,23.3,15.48,RECOMMEND,RECOMMEND,RECOMMEND,RECOMMEND,41:01.4,1,0
DO6f4b19-221027-UK8569d2,UK8569d2-221019-d213a2f5,드부,말티즈,모르겠어요,3.5,00:00.0,https://doggly-bucket-prod.s3.ap-northeast-2.amazonaws.com/dog/size/2384058106/e3ad5429.jpeg,https://doggly-bucket-prod.s3.ap-northeast-2.amazonaws.com/dog/size/2384058106/e3ad5429.jpeg,35.88,30.14,22.8,14.42,RECOMMEND,RECOMMEND,RECOMMEND,RECOMMEND,34:01.9,0,1
DO169ea7-221027-UK8569d2,UK8569d2-221019-d213a2f5,듀부,말티즈,모르겠어요,3.5,00:00.0,https://doggly-bucket-prod.s3.ap-northeast-2.amazonaws.com/dog/size/2384058106/86be4cb2.jpeg,https://doggly-bucket-prod.s3.ap-northeast-2.amazonaws.com/dog/size/2384058106/86be4cb2.jpeg,24,25,25,15,USER,USER,USER,USER,36:53.5,0,1
DOa3b925-221025-UK863a9e,UK863a9e-220810-a5c8fea7,요미,푸들토이,모르겠어요,3.95,00:00.0,https://doggly-bucket-prod.s3.ap-northeast-2.amazonaws.com/dog/size/2383482970/619d9efe.jpeg,https://doggly-bucket-prod.s3.ap-northeast-2.amazonaws.com/dog/size/2383482970/619d9efe.jpeg,38,32,24,18,USER,USER,USER,USER,55:23.6,0,0
DOc1e28a-221025-UK87024e,UK87024e-221025-945ce6b9,산이,푸들토이,모르겠어요,1.59,00:00.0,https://doggly-bucket-prod.s3.ap-northeast-2.amazonaws.com/dog/size/2497989635/e6bb09a8.jpeg,https://doggly-bucket-prod.s3.ap-northeast-2.amazonaws.com/dog/size/2497989635/e6bb09a8.jpeg,15,20,10,7,USER,USER,USER,USER,57:15.3,1,0
DO10ed2f-221024-UK880462,UK880462-221024-586843fe,빵쀼,푸들토이,모르겠어요,5.4,00:00.0,https://doggly-bucket-prod.s3.ap-northeast-2.amazonaws.com/dog/size/2496622388/5efa07db.jpeg,https://doggly-bucket-prod.s3.ap-northeast-2.amazonaws.com/dog/size/2496622388/5efa07db.jpeg,40.4,40,6,10.7,USER,USER,USER,USER,08:49.2,1,0
DO5c199a-221018-UK8b1896,UK8b1896-220923-304899cd,타타,푸들 미디엄미니어처,모르겠어요,9.56,00:00.0,https://doggly-bucket-prod.s3.ap-northeast-2.amazonaws.com/dog/size/2440328251/3ff70852.jpeg,https://doggly-bucket-prod.s3.ap-northeast-2.amazonaws.com/dog/size/2440328251/3ff70852.jpeg,54.1,34.2,30.2,26.5,USER,USER,USER,USER,42:49.8,0,0
DOae2908-221013-UK8b5533,UK8b5533-221013-3e7ca5f4,두부,비숑 프리제,모르겠어요,5.5,00:00.0,https://doggly-bucket-prod.s3.ap-northeast-2.amazonaws.com/dog/size/2483661558/82251c33.jpeg,https://doggly-bucket-prod.s3.ap-northeast-2.amazonaws.com/dog/size/2483661558/82251c33.jpeg,41.86,36.68,26.14,19,RECOMMEND,RECOMMEND,RECOMMEND,RECOMMEND,35:25.9,1,0
DO10ce9b-221014-UK8c0064,UK8c0064-221014-332f46f5,망고,포메라니안,모르겠어요,1.4,00:00.0,https://doggly-bucket-prod.s3.ap-northeast-2.amazonaws.com/dog/size/2485171502/9c16258a.jpeg,https://doggly-bucket-prod.s3.ap-northeast-2.amazonaws.com/dog/size/2485171502/9c16258a.jpeg,25.51,20.13,17.14,11.14,RECOMMEND,RECOMMEND,RECOMMEND,RECOMMEND,12:39.4,1,0
DO34f336-221008-UK8d678d,UK8d678d-221008-2f428a70,삼수니,믹스 소형견,모르겠어요,5.6,00:00.0,https://doggly-bucket-prod.s3.ap-northeast-2.amazonaws.com/dog/size/2476962940/af98fb76.jpeg,https://doggly-bucket-prod.s3.ap-northeast-2.amazonaws.com/dog/size/2476962940/af98fb76.jpeg,30,25,25,15,USER,USER,USER,USER,41:30.8,1,0
DOe57397-221031-UK8df79e,UK8df79e-221031-b4dd5f35,이든,셔틀랜드 쉽독,모르겠어요,13.9,00:00.0,https://doggly-bucket-prod.s3.ap-northeast-2.amazonaws.com/dog/size/2505852714/a01e9419.jpeg,https://doggly-bucket-prod.s3.ap-northeast-2.amazonaws.com/dog/size/2505852714/a01e9419.jpeg,56.44,43.72,34.93,25.22,RECOMMEND,RECOMMEND,RECOMMEND,RECOMMEND,31:40.5,1,0
DO4705a1-221021-UK907359,UK907359-220824-25ad9923,홀리,믹스 소형견,모르겠어요,8.2,00:00.0,https://doggly-bucket-prod.s3.ap-northeast-2.amazonaws.com/dog/size/2401159117/b8297296.jpeg,https://doggly-bucket-prod.s3.ap-northeast-2.amazonaws.com/dog/size/2401159117/b8297296.jpeg,46,40,32,12,USER,USER,USER,USER,50:44.0,0,0
DO4e64c9-221021-UK907359,UK907359-220824-25ad9923,홀리,믹스 소형견,모르겠어요,8.2,00:00.0,https://doggly-bucket-prod.s3.ap-northeast-2.amazonaws.com/dog/size/2401159117/0fed645e.jpeg,https://doggly-bucket-prod.s3.ap-northeast-2.amazonaws.com/dog/size/2401159117/0fed645e.jpeg,46,40,32,19,USER,USER,USER,USER,56:00.3,0,0
DO50738b-221028-UK9090ce,UK9090ce-221028-f5a2e88d,코코,비숑 프리제,모르겠어요,6.2,00:00.0,https://doggly-bucket-prod.s3.ap-northeast-2.amazonaws.com/dog/size/2502362949/436afb3e.jpeg,https://doggly-bucket-prod.s3.ap-northeast-2.amazonaws.com/dog/size/2502362949/436afb3e.jpeg,43.2,39.04,26.75,19.34,RECOMMEND,RECOMMEND,RECOMMEND,RECOMMEND,33:07.9,1,0
DO645f75-221025-UK920c9b,UK920c9b-221025-a1c69109,푸름,비숑 프리제,모르겠어요,3,00:00.0,https://doggly-bucket-prod.s3.ap-northeast-2.amazonaws.com/dog/size/2497540127/7bf05a95.jpeg,https://doggly-bucket-prod.s3.ap-northeast-2.amazonaws.com/dog/size/2497540127/7bf05a95.jpeg,33.72,28.58,21.51,15,RECOMMEND,RECOMMEND,RECOMMEND,RECOMMEND,52:13.7,1,0
DO6b54b3-221013-UK921243,UK921243-221013-3b28db8b,레오,포메라니안,모르겠어요,2.2,00:00.0,https://doggly-bucket-prod.s3.ap-northeast-2.amazonaws.com/dog/size/2483040761/60bb3c08.jpeg,https://doggly-bucket-prod.s3.ap-northeast-2.amazonaws.com/dog/size/2483040761/60bb3c08.jpeg,31.3,26,8.5,12,USER,USER,USER,USER,16:16.7,1,0
DO7c4717-221014-UK92218f,UK92218f-221014-2ec87583,남찌니,웰시 코기,모르겠어요,9.5,00:00.0,https://doggly-bucket-prod.s3.ap-northeast-2.amazonaws.com/dog/size/2484846985/e186c679.jpeg,https://doggly-bucket-prod.s3.ap-northeast-2.amazonaws.com/dog/size/2484846985/e186c679.jpeg,60,70,40,20,USER,USER,USER,USER,34:52.8,1,0
DOd9bf6e-221022-UK92a74e,UK92a74e-221022-0ea92607,꼼이,포메라니안,모르겠어요,3.8,00:00.0,https://doggly-bucket-prod.s3.ap-northeast-2.amazonaws.com/dog/size/2494339539/03645978.jpeg,https://doggly-bucket-prod.s3.ap-northeast-2.amazonaws.com/dog/size/2494339539/03645978.jpeg,39.66,31.04,25.67,17.52,RECOMMEND,RECOMMEND,RECOMMEND,RECOMMEND,10:05.2,1,0
DO392baa-221019-UK944833,UK944833-221019-7005fbc3,호두,프렌치 불독,모르겠어요,7.5,00:00.0,https://doggly-bucket-prod.s3.ap-northeast-2.amazonaws.com/dog/size/2489889113/e800c2e4.jpeg,https://doggly-bucket-prod.s3.ap-northeast-2.amazonaws.com/dog/size/2489889113/e800c2e4.jpeg,50,34,34,12,USER,USER,USER,USER,20:38.4,1,0
DO36e899-221027-UK94b5a3,UK94b5a3-221027-324a8273,김머니,포메라니안,모르겠어요,4.3,00:00.0,https://doggly-bucket-prod.s3.ap-northeast-2.amazonaws.com/dog/size/2501041499/21ff1bfc.jpeg,https://doggly-bucket-prod.s3.ap-northeast-2.amazonaws.com/dog/size/2501041499/21ff1bfc.jpeg,41.38,31.12,27.06,17.54,RECOMMEND,RECOMMEND,RECOMMEND,RECOMMEND,55:48.7,1,0
DOa29bd7-221007-UK956b98,UK956b98-221007-248b379c,은봉,비숑 프리제,모르겠어요,7.5,00:00.0,https://doggly-bucket-prod.s3.ap-northeast-2.amazonaws.com/dog/size/2475753978/4018f933.jpeg,https://doggly-bucket-prod.s3.ap-northeast-2.amazonaws.com/dog/size/2475753978/4018f933.jpeg,44,43,27,17,USER,USER,USER,USER,49:54.1,1,0
DO10a7fe-221020-UK95cd93,UK95cd93-221020-11e88e19,보리,믹스 중형견,모르겠어요,9.8,00:00.0,https://doggly-bucket-prod.s3.ap-northeast-2.amazonaws.com/dog/size/2492085004/b9d6f969.jpeg,https://doggly-bucket-prod.s3.ap-northeast-2.amazonaws.com/dog/size/2492085004/b9d6f969.jpeg,52.76,43.42,33.89,23.64,RECOMMEND,RECOMMEND,RECOMMEND,RECOMMEND,04:19.4,1,0
DOc69efe-221013-UK97afe8,UK97afe8-221004-68d7778f,ㅇㅇ,믹스 소형견,모르겠어요,3,00:00.0,https://doggly-bucket-prod.s3.ap-northeast-2.amazonaws.com/dog/size/2363243038/ee825510.jpeg,https://doggly-bucket-prod.s3.ap-northeast-2.amazonaws.com/dog/size/2363243038/ee825510.jpeg,11,11,11,11,USER,USER,USER,USER,51:22.3,0,0
DOcc4216-221025-UK97afe8,UK97afe8-221004-68d7778f,도글이,프렌치 불독,모르겠어요,3,00:00.0,,https://doggly-bucket-prod.s3.ap-northeast-2.amazonaws.com/dog/size/2363243038/faa7211b.jpeg,32.5,22.23,22.8,10.24,USER,RECOMMEND,USER,RECOMMEND,25:49.3,1,0
DO7d2017-221027-UK97afe8,UK97afe8-221004-68d7778f,도글이,믹스견,모르겠어요,10,00:00.0,https://doggly-bucket-prod.s3.ap-northeast-2.amazonaws.com/dog/size/2363243038/be1b397b.jpeg,https://doggly-bucket-prod.s3.ap-northeast-2.amazonaws.com/dog/size/2363243038/be1b397b.jpeg,25,16,22,17,USER,USER,USER,USER,21:28.1,0,0
DO82be15-221013-UK998be4,UK998be4-221013-a3de8c80,호빵,포메라니안,모르겠어요,1.9,00:00.0,https://doggly-bucket-prod.s3.ap-northeast-2.amazonaws.com/dog/size/2483130886/e61b419a.jpeg,https://doggly-bucket-prod.s3.ap-northeast-2.amazonaws.com/dog/size/2483130886/e61b419a.jpeg,29.57,27.13,15.08,11.57,RECOMMEND,RECOMMEND,RECOMMEND,RECOMMEND,29:58.4,1,0
DO10ada3-221006-UK9ae9b5,UK9ae9b5-221006-134a71b9,땅콩,시바 이누,모르겠어요,6,00:00.0,https://doggly-bucket-prod.s3.ap-northeast-2.amazonaws.com/dog/size/2474154277/38b8f152.jpeg,https://doggly-bucket-prod.s3.ap-northeast-2.amazonaws.com/dog/size/2474154277/38b8f152.jpeg,45.83,35.24,30.64,20.05,RECOMMEND,RECOMMEND,RECOMMEND,RECOMMEND,58:52.3,1,0
DOa527a9-221017-UK9b6406,UK9b6406-221017-c3a1176f,송이,말티즈,모르겠어요,5,00:00.0,https://doggly-bucket-prod.s3.ap-northeast-2.amazonaws.com/dog/size/2488050898/cc562081.jpeg,https://doggly-bucket-prod.s3.ap-northeast-2.amazonaws.com/dog/size/2488050898/cc562081.jpeg,26,32,23,13,USER,USER,USER,USER,32:16.6,1,0
DOc8a828-221008-UK9c4d84,UK9c4d84-221008-e3a00d12,뭉이,재패니즈 스피츠,모르겠어요,9.9,00:00.0,https://doggly-bucket-prod.s3.ap-northeast-2.amazonaws.com/dog/size/2476050453/c10ae4fa.jpeg,https://doggly-bucket-prod.s3.ap-northeast-2.amazonaws.com/dog/size/2476050453/c10ae4fa.jpeg,52,45,32,25,USER,USER,USER,USER,16:16.6,1,0
DO97a81b-221016-UK9e6418,UK9e6418-221016-54abaca5,오동이,푸들 미디엄미니어처,모르겠어요,6.8,00:00.0,https://doggly-bucket-prod.s3.ap-northeast-2.amazonaws.com/dog/size/2486672811/e87c3c1b.jpeg,https://doggly-bucket-prod.s3.ap-northeast-2.amazonaws.com/dog/size/2486672811/e87c3c1b.jpeg,44.49,38.34,27.98,22.83,RECOMMEND,RECOMMEND,RECOMMEND,RECOMMEND,08:02.4,1,0
DObbaac7-221007-UKa0a88f,UKa0a88f-221007-d1b5ef90,연탄,포메라니안,모르겠어요,2,00:00.0,https://doggly-bucket-prod.s3.ap-northeast-2.amazonaws.com/dog/size/2475597770/980ddb27.jpeg,https://doggly-bucket-prod.s3.ap-northeast-2.amazonaws.com/dog/size/2475597770/980ddb27.jpeg,31.2,27.42,15.65,11.55,RECOMMEND,RECOMMEND,RECOMMEND,RECOMMEND,26:00.0,1,0
DO7643af-221007-UKa38880,UKa38880-221007-242c808e,보리,닥스훈트,모르겠어요,0.9,00:00.0,https://doggly-bucket-prod.s3.ap-northeast-2.amazonaws.com/dog/size/2474697889/d90d3e6d.jpeg,https://doggly-bucket-prod.s3.ap-northeast-2.amazonaws.com/dog/size/2474697889/d90d3e6d.jpeg,24,26,25,24,USER,USER,USER,USER,24:14.3,1,0
DO73c454-221024-UKa3d12e,UKa3d12e-221024-755fd8c1,동구,푸들 미디엄미니어처,모르겠어요,5.2,00:00.0,https://doggly-bucket-prod.s3.ap-northeast-2.amazonaws.com/dog/size/2496259001/1d239a6d.jpeg,https://doggly-bucket-prod.s3.ap-northeast-2.amazonaws.com/dog/size/2496259001/1d239a6d.jpeg,38,35,25,20,USER,USER,USER,USER,20:48.6,1,0
DO60753a-221027-UKa4cc9b,UKa4cc9b-221027-c2f30bb8,보리,푸들토이,모르겠어요,5,00:00.0,https://doggly-bucket-prod.s3.ap-northeast-2.amazonaws.com/dog/size/2501134795/e781f7dc.jpeg,https://doggly-bucket-prod.s3.ap-northeast-2.amazonaws.com/dog/size/2501134795/e781f7dc.jpeg,25,38,27,20,USER,USER,USER,USER,11:20.9,1,0
DOdfa331-221010-UKa514c4,UKa514c4-221010-4d8dfa15,모카라떼,믹스 중형견,모르겠어요,4.5,00:00.0,https://doggly-bucket-prod.s3.ap-northeast-2.amazonaws.com/dog/size/2478511089/b8997faa.jpeg,https://doggly-bucket-prod.s3.ap-northeast-2.amazonaws.com/dog/size/2478511089/b8997faa.jpeg,40.39,33.63,25.28,17.39,RECOMMEND,RECOMMEND,RECOMMEND,RECOMMEND,58:17.3,1,0
DOba4e78-221018-UKa520c0,UKa520c0-221018-77688bdd,김순돌,포메라니안,모르겠어요,6.5,00:00.0,https://doggly-bucket-prod.s3.ap-northeast-2.amazonaws.com/dog/size/2488953511/38ef71e2.jpeg,https://doggly-bucket-prod.s3.ap-northeast-2.amazonaws.com/dog/size/2488953511/38ef71e2.jpeg,46.74,36.17,31.79,20.17,RECOMMEND,RECOMMEND,RECOMMEND,RECOMMEND,35:27.5,1,0
DO139d1c-221021-UKa721be,UKa721be-221021-37346c58,겨울,치와와,모르겠어요,1.7,00:00.0,https://doggly-bucket-prod.s3.ap-northeast-2.amazonaws.com/dog/size/2492628083/69565305.jpeg,https://doggly-bucket-prod.s3.ap-northeast-2.amazonaws.com/dog/size/2492628083/69565305.jpeg,27.18,18.98,17.41,12.12,RECOMMEND,RECOMMEND,RECOMMEND,RECOMMEND,39:49.9,1,0
DO2953ad-221030-UKa7db97,UKa7db97-221030-3571d350,루이,푸들토이,모르겠어요,0.84,00:00.0,https://doggly-bucket-prod.s3.ap-northeast-2.amazonaws.com/dog/size/2504830575/a103b64d.jpeg,https://doggly-bucket-prod.s3.ap-northeast-2.amazonaws.com/dog/size/2504830575/a103b64d.jpeg,20,17,12,7,USER,USER,USER,USER,37:23.3,1,0
DO164b76-221022-UKa8d272,UKa8d272-221022-cdf79005,손오공,아메리칸 코카 스파니엘,모르겠어요,12,00:00.0,https://doggly-bucket-prod.s3.ap-northeast-2.amazonaws.com/dog/size/2494427366/dadb511f.jpeg,https://doggly-bucket-prod.s3.ap-northeast-2.amazonaws.com/dog/size/2494427366/dadb511f.jpeg,55,48,34,20,USER,USER,USER,USER,26:01.7,1,0
DObde8c1-221022-UKa8d272,UKa8d272-221022-cdf79005,손오반,믹스 중형견,모르겠어요,13,00:00.0,https://doggly-bucket-prod.s3.ap-northeast-2.amazonaws.com/dog/size/2494427366/f2c9fe9b.jpeg,https://doggly-bucket-prod.s3.ap-northeast-2.amazonaws.com/dog/size/2494427366/f2c9fe9b.jpeg,57.96,48.5,36.41,26.19,RECOMMEND,RECOMMEND,RECOMMEND,RECOMMEND,29:43.1,0,0
DOc1f2ce-221022-UKa8d272,UKa8d272-221022-cdf79005,손오반,믹스 중형견,모르겠어요,13,00:00.0,https://doggly-bucket-prod.s3.ap-northeast-2.amazonaws.com/dog/size/2494427366/db3d9e08.jpeg,https://doggly-bucket-prod.s3.ap-northeast-2.amazonaws.com/dog/size/2494427366/db3d9e08.jpeg,53,50,35,25,USER,USER,USER,USER,31:56.4,0,0
DO443de3-221013-UKa91799,UKa91799-221013-275a76ff,짱구,닥스훈트,모르겠어요,6,00:00.0,https://doggly-bucket-prod.s3.ap-northeast-2.amazonaws.com/dog/size/2482944119/e317bf9f.jpeg,https://doggly-bucket-prod.s3.ap-northeast-2.amazonaws.com/dog/size/2482944119/e317bf9f.jpeg,32.3,27.8,24.2,16.2,USER,USER,USER,USER,04:58.1,1,0
DOf91377-221005-UKaad473,UKaad473-221005-3857e901,두유,포메라니안,모르겠어요,4,00:00.0,https://doggly-bucket-prod.s3.ap-northeast-2.amazonaws.com/dog/size/2471897043/94bd847a.jpeg,https://doggly-bucket-prod.s3.ap-northeast-2.amazonaws.com/dog/size/2471897043/94bd847a.jpeg,20,34,20,24,USER,USER,USER,USER,13:59.0,1,0
DO9873ed-221029-UKab24b7,UKab24b7-221029-e879e24f,탄이,포메라니안,모르겠어요,2.9,00:00.0,https://doggly-bucket-prod.s3.ap-northeast-2.amazonaws.com/dog/size/2503847637/14d1d321.jpeg,https://doggly-bucket-prod.s3.ap-northeast-2.amazonaws.com/dog/size/2503847637/14d1d321.jpeg,37,20,22,11,USER,USER,USER,USER,11:15.0,1,0
DOe25579-221022-UKac0564,UKac0564-221022-7eb9acc5,루이,골든 리트리버,모르겠어요,24,00:00.0,https://doggly-bucket-prod.s3.ap-northeast-2.amazonaws.com/dog/size/2493894970/5019543a.jpeg,https://doggly-bucket-prod.s3.ap-northeast-2.amazonaws.com/dog/size/2493894970/5019543a.jpeg,68.6,53,42.36,30.45,RECOMMEND,RECOMMEND,RECOMMEND,RECOMMEND,01:38.7,1,0
DO4ee268-221009-UKac7e9f,UKac7e9f-221003-9915a1ed,초코,포메라니안,모르겠어요,1.9,00:00.0,https://doggly-bucket-prod.s3.ap-northeast-2.amazonaws.com/dog/size/2468973534/5e47b525.jpeg,https://doggly-bucket-prod.s3.ap-northeast-2.amazonaws.com/dog/size/2468973534/5e47b525.jpeg,30.38,27.69,15.89,11.86,RECOMMEND,RECOMMEND,RECOMMEND,RECOMMEND,09:09.5,0,0
DO9963bb-221011-UKad36c7,UKad36c7-221011-c1c3246a,도담,포메라니안,모르겠어요,4.5,00:00.0,https://doggly-bucket-prod.s3.ap-northeast-2.amazonaws.com/dog/size/2479869251/c55285fe.jpeg,https://doggly-bucket-prod.s3.ap-northeast-2.amazonaws.com/dog/size/2479869251/c55285fe.jpeg,25.3,28.4,25.3,25.3,USER,USER,USER,USER,15:12.8,1,0
DOaaada8-221022-UKae3281,UKae3281-221022-5f0ef686,정뿌꾸,믹스 소형견,모르겠어요,8,00:00.0,https://doggly-bucket-prod.s3.ap-northeast-2.amazonaws.com/dog/size/2494218594/3d523243.jpeg,https://doggly-bucket-prod.s3.ap-northeast-2.amazonaws.com/dog/size/2494218594/3d523243.jpeg,49.6,41.79,32.38,22.97,RECOMMEND,RECOMMEND,RECOMMEND,RECOMMEND,31:40.7,1,0
DOd62fef-221019-UKb30022,UKb30022-221019-f3d26b01,더덕,골든 리트리버,모르겠어요,23,00:00.0,https://doggly-bucket-prod.s3.ap-northeast-2.amazonaws.com/dog/size/2490737589/891729ec.jpeg,https://doggly-bucket-prod.s3.ap-northeast-2.amazonaws.com/dog/size/2490737589/891729ec.jpeg,67.56,51.89,42.31,30.76,RECOMMEND,RECOMMEND,RECOMMEND,RECOMMEND,09:55.3,1,0
DObed03c-221021-UKb581e8,UKb581e8-221021-1df7f82b,단추,포메라니안,모르겠어요,5,00:00.0,https://doggly-bucket-prod.s3.ap-northeast-2.amazonaws.com/dog/size/2493147675/0668bf78.jpeg,https://doggly-bucket-prod.s3.ap-northeast-2.amazonaws.com/dog/size/2493147675/0668bf78.jpeg,42,28,29,17,USER,USER,USER,USER,18:08.9,1,0
DO30bc8b-221015-UKb6cd9c,UKb6cd9c-220810-82c22e67,뽀이 ,말티즈,모르겠어요,5,00:00.0,https://doggly-bucket-prod.s3.ap-northeast-2.amazonaws.com/dog/size/2383034900/1850bb48.jpeg,https://doggly-bucket-prod.s3.ap-northeast-2.amazonaws.com/dog/size/2383034900/1850bb48.jpeg,41,32,29,20,USER,USER,USER,USER,42:13.0,0,0
DO94cb84-221015-UKb6cd9c,UKb6cd9c-220810-82c22e67,뽀이,말티즈,모르겠어요,5,00:00.0,https://doggly-bucket-prod.s3.ap-northeast-2.amazonaws.com/dog/size/2383034900/24d82792.jpeg,https://doggly-bucket-prod.s3.ap-northeast-2.amazonaws.com/dog/size/2383034900/24d82792.jpeg,41,32,29,16,USER,USER,USER,USER,49:29.8,0,0
DO85908a-221016-UKb7f508,UKb7f508-221016-7e0a3881,설기,비숑 프리제,모르겠어요,5.9,00:00.0,https://doggly-bucket-prod.s3.ap-northeast-2.amazonaws.com/dog/size/2486626962/a7b8e12b.jpeg,https://doggly-bucket-prod.s3.ap-northeast-2.amazonaws.com/dog/size/2486626962/a7b8e12b.jpeg,37,50,25,16,USER,USER,USER,USER,31:30.3,1,0
DO8ddaa5-221007-UKbac6c9,UKbac6c9-221007-d6c0b3d3,박토리,포메라니안,모르겠어요,6,00:00.0,https://doggly-bucket-prod.s3.ap-northeast-2.amazonaws.com/dog/size/2474725508/7c1f5d24.jpeg,https://doggly-bucket-prod.s3.ap-northeast-2.amazonaws.com/dog/size/2474725508/7c1f5d24.jpeg,53,30,33,17,USER,USER,USER,USER,48:58.1,1,0
DO9548ed-221016-UKbbc92d,UKbbc92d-221016-9de3b02a,정두온,포메라니안,모르겠어요,3.2,00:00.0,https://doggly-bucket-prod.s3.ap-northeast-2.amazonaws.com/dog/size/2486254863/ec05fc5f.jpeg,https://doggly-bucket-prod.s3.ap-northeast-2.amazonaws.com/dog/size/2486254863/ec05fc5f.jpeg,33.5,13,19,21,USER,USER,USER,USER,11:10.7,0,0
DOa3f5dd-221016-UKbbc92d,UKbbc92d-221016-9de3b02a,정두온,포메라니안,모르겠어요,3.2,00:00.0,https://doggly-bucket-prod.s3.ap-northeast-2.amazonaws.com/dog/size/2486254863/827d4ce8.jpeg,https://doggly-bucket-prod.s3.ap-northeast-2.amazonaws.com/dog/size/2486254863/827d4ce8.jpeg,34,33,19,26,USER,USER,USER,USER,14:39.4,0,0
DOfd7767-221014-UKc00565,UKc00565-221014-ae473f19,초코파이,푸들토이,모르겠어요,3.8,00:00.0,https://doggly-bucket-prod.s3.ap-northeast-2.amazonaws.com/dog/size/2484027702/ffc92007.jpeg,https://doggly-bucket-prod.s3.ap-northeast-2.amazonaws.com/dog/size/2484027702/ffc92007.jpeg,26,30,20,15,USER,USER,USER,USER,45:27.2,1,0
DO1b11bd-221101-UKc1768c,UKc1768c-221101-758f1597,정보리,믹스견,모르겠어요,16.9,00:00.0,https://doggly-bucket-prod.s3.ap-northeast-2.amazonaws.com/dog/size/2506483624/361c937a.jpeg,https://doggly-bucket-prod.s3.ap-northeast-2.amazonaws.com/dog/size/2506483624/361c937a.jpeg,59,51,39,26,USER,USER,USER,USER,07:20.9,1,0
DO350233-221031-UKc2517d,UKc2517d-221031-989fa5b2,달,믹스견,모르겠어요,3.1,00:00.0,https://doggly-bucket-prod.s3.ap-northeast-2.amazonaws.com/dog/size/2505650978/04f0436a.jpeg,https://doggly-bucket-prod.s3.ap-northeast-2.amazonaws.com/dog/size/2505650978/04f0436a.jpeg,34.49,28.33,21.74,15.54,RECOMMEND,RECOMMEND,RECOMMEND,RECOMMEND,41:30.7,1,0
DO924a92-221011-UKc26b1f,UKc26b1f-221011-50adc9ee,레오,말티즈,모르겠어요,2.8,00:00.0,https://doggly-bucket-prod.s3.ap-northeast-2.amazonaws.com/dog/size/2479978795/8f22a3df.jpeg,https://doggly-bucket-prod.s3.ap-northeast-2.amazonaws.com/dog/size/2479978795/8f22a3df.jpeg,33.1,27.61,21.24,13.54,RECOMMEND,RECOMMEND,RECOMMEND,RECOMMEND,44:48.2,1,0
DO9f0d7c-221026-UKc27d38,UKc27d38-221026-79ee91c6,이린,푸들 미디엄미니어처,모르겠어요,6.5,00:00.0,https://doggly-bucket-prod.s3.ap-northeast-2.amazonaws.com/dog/size/2498807785/442fc716.jpeg,https://doggly-bucket-prod.s3.ap-northeast-2.amazonaws.com/dog/size/2498807785/442fc716.jpeg,43.98,38.16,26.96,23.27,RECOMMEND,RECOMMEND,RECOMMEND,RECOMMEND,20:11.8,1,0
DOf03cb3-221026-UKc3da67,UKc3da67-221026-982fab6e,마루,시츄,모르겠어요,5,00:00.0,https://doggly-bucket-prod.s3.ap-northeast-2.amazonaws.com/dog/size/2498860970/bfa9c197.jpeg,https://doggly-bucket-prod.s3.ap-northeast-2.amazonaws.com/dog/size/2498860970/bfa9c197.jpeg,38,31,25,14,USER,USER,USER,USER,05:04.4,0,0
DO5c9b3e-221016-UKc4964f,UKc4964f-221016-72549432,구찌,믹스 소형견,모르겠어요,8.3,00:00.0,https://doggly-bucket-prod.s3.ap-northeast-2.amazonaws.com/dog/size/2486848455/ba5af99a.jpeg,https://doggly-bucket-prod.s3.ap-northeast-2.amazonaws.com/dog/size/2486848455/ba5af99a.jpeg,50.33,41.86,31.81,23.21,RECOMMEND,RECOMMEND,RECOMMEND,RECOMMEND,38:33.7,1,0
DOfe1313-221020-UKca8cf6,UKca8cf6-220828-458f7216,솔,푸들토이,모르겠어요,3.8,00:00.0,https://doggly-bucket-prod.s3.ap-northeast-2.amazonaws.com/dog/size/2406320575/a82527d3.jpeg,https://doggly-bucket-prod.s3.ap-northeast-2.amazonaws.com/dog/size/2406320575/a82527d3.jpeg,36,32,23,19,USER,USER,USER,USER,59:35.2,0,0
DO7f059e-221018-UKcb8bfb,UKcb8bfb-221018-f9be8a64,뽀삐,요크셔 테리어,모르겠어요,3,00:00.0,https://doggly-bucket-prod.s3.ap-northeast-2.amazonaws.com/dog/size/2488371793/e877e8c5.jpeg,https://doggly-bucket-prod.s3.ap-northeast-2.amazonaws.com/dog/size/2488371793/e877e8c5.jpeg,32.35,28.73,20.78,14.81,RECOMMEND,RECOMMEND,RECOMMEND,RECOMMEND,14:53.7,1,0
DOa83f33-221009-UKcc83ac,UKcc83ac-221009-7f99e32d,빛나,믹스 소형견,모르겠어요,6,00:00.0,https://doggly-bucket-prod.s3.ap-northeast-2.amazonaws.com/dog/size/2478211549/d7edc7bb.jpeg,https://doggly-bucket-prod.s3.ap-northeast-2.amazonaws.com/dog/size/2478211549/d7edc7bb.jpeg,25,30,25,13,USER,USER,USER,USER,17:48.3,1,0
DO0e7069-221006-UKccedba,UKccedba-221006-351d48cc,몰리,말티즈,모르겠어요,3.5,00:00.0,https://doggly-bucket-prod.s3.ap-northeast-2.amazonaws.com/dog/size/2474194957/30aa29da.jpeg,https://doggly-bucket-prod.s3.ap-northeast-2.amazonaws.com/dog/size/2474194957/30aa29da.jpeg,25.3,25.3,25.3,25.3,USER,USER,USER,USER,31:28.8,1,0
DOff9f8a-221018-UKcd09a1,UKcd09a1-221018-feea9100,연탄,푸들토이,모르겠어요,1.41,00:00.0,https://doggly-bucket-prod.s3.ap-northeast-2.amazonaws.com/dog/size/2488562683/2aba9324.jpeg,https://doggly-bucket-prod.s3.ap-northeast-2.amazonaws.com/dog/size/2488562683/2aba9324.jpeg,23,20,14,12,USER,USER,USER,USER,09:34.4,1,0
DOb4d89b-221030-UKcde797,UKcde797-221030-379c955c,김호빵,믹스견,모르겠어요,4.5,00:00.0,https://doggly-bucket-prod.s3.ap-northeast-2.amazonaws.com/dog/size/2504926246/aa20150a.jpeg,https://doggly-bucket-prod.s3.ap-northeast-2.amazonaws.com/dog/size/2504926246/aa20150a.jpeg,39.51,33.19,25.98,17.54,RECOMMEND,RECOMMEND,RECOMMEND,RECOMMEND,58:26.7,1,0
DO8a61fd-221023-UKce0e30,UKce0e30-221023-58149244,최 봄,믹스 중형견,모르겠어요,9.3,00:00.0,https://doggly-bucket-prod.s3.ap-northeast-2.amazonaws.com/dog/size/2494786812/fba3fe24.jpeg,https://doggly-bucket-prod.s3.ap-northeast-2.amazonaws.com/dog/size/2494786812/fba3fe24.jpeg,55,45,33,22,USER,USER,USER,USER,07:22.2,1,0
DO749702-221023-UKce0e30,UKce0e30-221023-58149244,최봄,믹스 중형견,모르겠어요,9.3,00:00.0,https://doggly-bucket-prod.s3.ap-northeast-2.amazonaws.com/dog/size/2494786812/93f35518.jpeg,https://doggly-bucket-prod.s3.ap-northeast-2.amazonaws.com/dog/size/2494786812/93f35518.jpeg,52,46,33,23,USER,USER,USER,USER,10:46.9,0,0
DO85e9fd-221030-UKce7365,UKce7365-221030-49ba7f16,포동이,시츄,모르겠어요,4,00:00.0,https://doggly-bucket-prod.s3.ap-northeast-2.amazonaws.com/dog/size/2504081247/9071ebee.jpeg,https://doggly-bucket-prod.s3.ap-northeast-2.amazonaws.com/dog/size/2504081247/9071ebee.jpeg,36.96,30.83,23.32,15.43,RECOMMEND,RECOMMEND,RECOMMEND,RECOMMEND,14:24.4,1,0
DOf059a9-221017-UKcf2361,UKcf2361-221017-f1b0406c,푸푸,믹스 소형견,모르겠어요,0.6,00:00.0,https://doggly-bucket-prod.s3.ap-northeast-2.amazonaws.com/dog/size/2488090914/9ac58975.jpeg,https://doggly-bucket-prod.s3.ap-northeast-2.amazonaws.com/dog/size/2488090914/9ac58975.jpeg,22,21,12,8,USER,USER,USER,USER,03:45.2,1,0
DO4897d1-221018-UKd51c42,UKd51c42-221018-eb760b44,김순덕,베드링턴 테리어,여자,6.6,00:00.0,,https://doggly-bucket-prod.s3.ap-northeast-2.amazonaws.com/dog/size/2488671403/cae4b015.jpeg,22.5,43,12,17.5,USER,USER,USER,USER,44:31.1,1,0
DO8fee66-221007-UKd5a0e4,UKd5a0e4-221007-f6706a2e,소금이,비숑 프리제,모르겠어요,2.7,00:00.0,https://doggly-bucket-prod.s3.ap-northeast-2.amazonaws.com/dog/size/2475537028/f0d23b30.jpeg,https://doggly-bucket-prod.s3.ap-northeast-2.amazonaws.com/dog/size/2475537028/f0d23b30.jpeg,31,29,20,15,USER,USER,USER,USER,34:30.8,1,0
DOb697a3-221017-UKd60eec,UKd60eec-220926-ad88a4c1,김개똘,믹스 소형견,모르겠어요,9,00:00.0,https://doggly-bucket-prod.s3.ap-northeast-2.amazonaws.com/dog/size/2445347848/4a2d1788.jpeg,https://doggly-bucket-prod.s3.ap-northeast-2.amazonaws.com/dog/size/2445347848/4a2d1788.jpeg,50.51,43.6,32.68,22.97,RECOMMEND,RECOMMEND,RECOMMEND,RECOMMEND,20:14.8,0,0
DOb9203b-221007-UKd70aab,UKd70aab-221007-ed49552a,핑구,시츄,모르겠어요,6.3,00:00.0,https://doggly-bucket-prod.s3.ap-northeast-2.amazonaws.com/dog/size/2475063657/3dd491b1.jpeg,https://doggly-bucket-prod.s3.ap-northeast-2.amazonaws.com/dog/size/2475063657/3dd491b1.jpeg,41.57,35.05,26.63,17.02,RECOMMEND,RECOMMEND,RECOMMEND,RECOMMEND,19:19.8,1,0
DOc33bcb-221020-UKd71dff,UKd71dff-221020-2d3b3fc7,레오,프렌치 불독,모르겠어요,13.5,00:00.0,https://doggly-bucket-prod.s3.ap-northeast-2.amazonaws.com/dog/size/2491785028/a245ef30.jpeg,https://doggly-bucket-prod.s3.ap-northeast-2.amazonaws.com/dog/size/2491785028/a245ef30.jpeg,60.27,43.09,40.78,21.03,RECOMMEND,RECOMMEND,RECOMMEND,RECOMMEND,10:56.3,1,0
DOa813b5-221008-UKd82cd4,UKd82cd4-221008-36cfea87,우디,푸들토이,모르겠어요,3.6,00:00.0,https://doggly-bucket-prod.s3.ap-northeast-2.amazonaws.com/dog/size/2476602138/cdfa1d43.jpeg,https://doggly-bucket-prod.s3.ap-northeast-2.amazonaws.com/dog/size/2476602138/cdfa1d43.jpeg,36.17,31.47,21.96,18.7,RECOMMEND,RECOMMEND,RECOMMEND,RECOMMEND,37:31.9,1,0
DO40fba9-221023-UKd8b812,UKd8b812-221023-6aaa1490,장만월,시바 이누,모르겠어요,7,00:00.0,https://doggly-bucket-prod.s3.ap-northeast-2.amazonaws.com/dog/size/2495891323/6960a321.jpeg,https://doggly-bucket-prod.s3.ap-northeast-2.amazonaws.com/dog/size/2495891323/6960a321.jpeg,40,40,25,7,USER,USER,USER,USER,08:37.2,1,0
DO011ee3-221020-UKd9c734,UKd9c734-221020-6c005f17,오순이,믹스 소형견,모르겠어요,1,00:00.0,https://doggly-bucket-prod.s3.ap-northeast-2.amazonaws.com/dog/size/2490853575/96c8fc64.jpeg,https://doggly-bucket-prod.s3.ap-northeast-2.amazonaws.com/dog/size/2490853575/96c8fc64.jpeg,15.53,12.83,9.06,6.87,RECOMMEND,RECOMMEND,RECOMMEND,RECOMMEND,37:56.4,1,0
DOe42eba-221026-UKd9d4fd,UKd9d4fd-221026-3346824e,앙꼬,비숑 프리제,모르겠어요,1.8,00:00.0,https://doggly-bucket-prod.s3.ap-northeast-2.amazonaws.com/dog/size/2499153035/c96043f1.jpeg,https://doggly-bucket-prod.s3.ap-northeast-2.amazonaws.com/dog/size/2499153035/c96043f1.jpeg,25,27,16,11,USER,USER,USER,USER,01:27.5,1,0
DO3911f3-221017-UKda85ec,UKda85ec-221017-64a9059a,까미,믹스 소형견,모르겠어요,7,00:00.0,https://doggly-bucket-prod.s3.ap-northeast-2.amazonaws.com/dog/size/2487079484/90a50f44.jpeg,https://doggly-bucket-prod.s3.ap-northeast-2.amazonaws.com/dog/size/2487079484/90a50f44.jpeg,46,46,24,25,USER,USER,USER,USER,16:18.6,1,0
DO89c3cd-221017-UKdd2717,UKdd2717-221017-ef84c3ff,김콩쥐,푸들토이,모르겠어요,4.1,00:00.0,https://doggly-bucket-prod.s3.ap-northeast-2.amazonaws.com/dog/size/2488113370/7f5ee2d1.jpeg,https://doggly-bucket-prod.s3.ap-northeast-2.amazonaws.com/dog/size/2488113370/7f5ee2d1.jpeg,37.96,32.49,23.51,19.9,RECOMMEND,RECOMMEND,RECOMMEND,RECOMMEND,23:50.8,1,0
DObbea83-221028-UKdecbac,UKdecbac-221028-e2c33df6,아령,퍼그,모르겠어요,7,00:00.0,https://doggly-bucket-prod.s3.ap-northeast-2.amazonaws.com/dog/size/2502315375/1c1fbd28.jpeg,https://doggly-bucket-prod.s3.ap-northeast-2.amazonaws.com/dog/size/2502315375/1c1fbd28.jpeg,47.14,33.32,31.5,16.01,USER,USER,USER,USER,52:19.1,1,0
DO6fc5e2-221021-UKdf95c9,UKdf95c9-221021-72d79e64,해리,말티즈,모르겠어요,3.6,00:00.0,https://doggly-bucket-prod.s3.ap-northeast-2.amazonaws.com/dog/size/2493280405/4d44d83d.jpeg,https://doggly-bucket-prod.s3.ap-northeast-2.amazonaws.com/dog/size/2493280405/4d44d83d.jpeg,35.96,29.87,22.95,14.37,USER,USER,USER,USER,02:55.1,1,0
DO1bfb5b-221018-UKdff9a5,UKdff9a5-221018-bd9dc940,마리,보더콜리,모르겠어요,15,00:00.0,https://doggly-bucket-prod.s3.ap-northeast-2.amazonaws.com/dog/size/2488420735/295e9b26.jpeg,https://doggly-bucket-prod.s3.ap-northeast-2.amazonaws.com/dog/size/2488420735/295e9b26.jpeg,65,40,43,39,USER,USER,USER,USER,04:21.5,1,0
DOaac882-221018-UKe0b209,UKe0b209-221018-b4df7e0a,뭉치,포메라니안,모르겠어요,3.8,00:00.0,https://doggly-bucket-prod.s3.ap-northeast-2.amazonaws.com/dog/size/2489212266/bd9fa1fc.jpeg,https://doggly-bucket-prod.s3.ap-northeast-2.amazonaws.com/dog/size/2489212266/bd9fa1fc.jpeg,28.5,35,11.5,6,USER,USER,USER,USER,09:32.2,1,0
DO22c264-221020-UKe2838d,UKe2838d-221020-cc03b9b6,방울이,시츄,모르겠어요,8,00:00.0,https://doggly-bucket-prod.s3.ap-northeast-2.amazonaws.com/dog/size/2491830396/380978c7.jpeg,https://doggly-bucket-prod.s3.ap-northeast-2.amazonaws.com/dog/size/2491830396/380978c7.jpeg,44.51,37.05,28.6,18.05,RECOMMEND,RECOMMEND,RECOMMEND,RECOMMEND,45:25.4,1,0
DO6b8502-221016-UKe2c137,UKe2c137-221016-8051b3f7,설탕,비숑 프리제,모르겠어요,4.3,00:00.0,https://doggly-bucket-prod.s3.ap-northeast-2.amazonaws.com/dog/size/2486846720/7c3ef819.jpeg,https://doggly-bucket-prod.s3.ap-northeast-2.amazonaws.com/dog/size/2486846720/7c3ef819.jpeg,39.25,33.13,23.74,16.49,RECOMMEND,RECOMMEND,RECOMMEND,RECOMMEND,36:19.2,1,0
DOec85a1-221016-UKe2c137,UKe2c137-221016-8051b3f7,설탕,비숑 프리제,모르겠어요,4.3,00:00.0,https://doggly-bucket-prod.s3.ap-northeast-2.amazonaws.com/dog/size/2486846720/38bbecaa.jpeg,https://doggly-bucket-prod.s3.ap-northeast-2.amazonaws.com/dog/size/2486846720/38bbecaa.jpeg,39,34,24.2,17.5,USER,USER,USER,USER,38:29.9,0,0
DO6c4229-221006-UKe67ae0,UKe67ae0-221006-626fc91b,초코,요크셔 테리어,남자,3.2,00:00.0,,https://doggly-bucket-prod.s3.ap-northeast-2.amazonaws.com/dog/size/2361128404/1253349d.jpeg,32.67,29.14,21.22,15.93,RECOMMEND,RECOMMEND,RECOMMEND,RECOMMEND,50:04.2,0,0
DO1c3368-221012-UKe67ae0,UKe67ae0-221006-626fc91b,도글링,믹스 소형견,모르겠어요,6,00:00.0,https://doggly-bucket-prod.s3.ap-northeast-2.amazonaws.com/dog/size/2361128404/12b1a2f8.jpeg,https://doggly-bucket-prod.s3.ap-northeast-2.amazonaws.com/dog/size/2361128404/12b1a2f8.jpeg,25.3,25.3,25.3,25.3,USER,USER,USER,USER,38:56.6,0,0
DO891d79-221013-UKe67ae0,UKe67ae0-221006-626fc91b,초코,믹스 소형견,모르겠어요,20,00:00.0,https://doggly-bucket-prod.s3.ap-northeast-2.amazonaws.com/dog/size/2361128404/6c54ee22.jpeg,https://doggly-bucket-prod.s3.ap-northeast-2.amazonaws.com/dog/size/2361128404/6c54ee22.jpeg,25.3,25.3,25.3,25.3,USER,USER,USER,USER,20:50.4,0,0
DO0ded57-221013-UKe67ae0,UKe67ae0-221006-626fc91b,초코,믹스 소형견,모르겠어요,8,00:00.0,,https://doggly-bucket-prod.s3.ap-northeast-2.amazonaws.com/dog/size/2361128404/8f9d7b45.jpeg,50,36,32,14,USER,USER,USER,USER,24:38.5,1,0
DO19314c-221017-UKe83cf7,UKe83cf7-221017-10c9fa9d,김구름,비숑 프리제,모르겠어요,1.3,00:00.0,https://doggly-bucket-prod.s3.ap-northeast-2.amazonaws.com/dog/size/2487310901/952bc891.jpeg,https://doggly-bucket-prod.s3.ap-northeast-2.amazonaws.com/dog/size/2487310901/952bc891.jpeg,23.02,19.46,14.62,10.22,RECOMMEND,RECOMMEND,RECOMMEND,RECOMMEND,17:05.7,1,0
DOc11257-221017-UKe83cf7,UKe83cf7-221017-10c9fa9d,김구름,비숑 프리제,모르겠어요,1.3,00:00.0,https://doggly-bucket-prod.s3.ap-northeast-2.amazonaws.com/dog/size/2487310901/e671d715.jpeg,https://doggly-bucket-prod.s3.ap-northeast-2.amazonaws.com/dog/size/2487310901/e671d715.jpeg,22.3,19.9,14.5,9.5,USER,USER,USER,USER,18:28.0,0,0
DO12cd23-221013-UKe848cf,UKe848cf-221013-c4732f12,하양,말티즈,모르겠어요,4,00:00.0,https://doggly-bucket-prod.s3.ap-northeast-2.amazonaws.com/dog/size/2483945643/c451b690.jpeg,https://doggly-bucket-prod.s3.ap-northeast-2.amazonaws.com/dog/size/2483945643/c451b690.jpeg,25.3,25.3,25.3,25.3,USER,USER,USER,USER,20:00.6,1,0
DO666839-221017-UKe8c4e3,UKe8c4e3-221017-ade56d61,모찌,비숑 프리제,모르겠어요,11.5,00:00.0,https://doggly-bucket-prod.s3.ap-northeast-2.amazonaws.com/dog/size/2487962442/5a018214.jpeg,https://doggly-bucket-prod.s3.ap-northeast-2.amazonaws.com/dog/size/2487962442/5a018214.jpeg,50,37,37,17,USER,USER,USER,USER,26:15.1,1,0
DO6f5e2c-221014-UKe8eece,UKe8eece-221014-31bf5f5c,로또,웰시 코기,모르겠어요,17,00:00.0,https://doggly-bucket-prod.s3.ap-northeast-2.amazonaws.com/dog/size/2485164868/263eb0ab.jpeg,https://doggly-bucket-prod.s3.ap-northeast-2.amazonaws.com/dog/size/2485164868/263eb0ab.jpeg,61.5,55.49,41.24,16.7,RECOMMEND,RECOMMEND,RECOMMEND,RECOMMEND,06:57.9,1,0
DO9c2f82-221013-UKea3a43,UKea3a43-221013-29827ba4,코코,치와와,모르겠어요,3.6,00:00.0,https://doggly-bucket-prod.s3.ap-northeast-2.amazonaws.com/dog/size/2482918355/8694ddfe.jpeg,https://doggly-bucket-prod.s3.ap-northeast-2.amazonaws.com/dog/size/2482918355/8694ddfe.jpeg,37.4,27.06,24.75,15.42,RECOMMEND,RECOMMEND,RECOMMEND,RECOMMEND,37:06.3,1,0
DO4638d9-221009-UKea9adb,UKea9adb-221009-7ee53577,콩이,포메라니안,모르겠어요,3.8,00:00.0,https://doggly-bucket-prod.s3.ap-northeast-2.amazonaws.com/dog/size/2478162720/3d2eea8b.jpeg,https://doggly-bucket-prod.s3.ap-northeast-2.amazonaws.com/dog/size/2478162720/3d2eea8b.jpeg,40.19,30.94,26.6,17.11,RECOMMEND,RECOMMEND,RECOMMEND,RECOMMEND,36:20.7,1,0
DO5df3e6-221021-UKeba651,UKeba651-221021-865cf071,호두,포메라니안,모르겠어요,3.8,00:00.0,https://doggly-bucket-prod.s3.ap-northeast-2.amazonaws.com/dog/size/2492712223/ed6fef4d.jpeg,https://doggly-bucket-prod.s3.ap-northeast-2.amazonaws.com/dog/size/2492712223/ed6fef4d.jpeg,40.01,30.66,26.79,17.35,RECOMMEND,RECOMMEND,RECOMMEND,RECOMMEND,45:57.9,1,0
DO9c3ab3-221020-UKee0161,UKee0161-221020-aa07f50b,쿠키,포메라니안,모르겠어요,3.2,00:00.0,https://doggly-bucket-prod.s3.ap-northeast-2.amazonaws.com/dog/size/2490856601/c3c38d6e.jpeg,https://doggly-bucket-prod.s3.ap-northeast-2.amazonaws.com/dog/size/2490856601/c3c38d6e.jpeg,37.93,34.61,19.3,14.03,RECOMMEND,RECOMMEND,RECOMMEND,RECOMMEND,44:24.9,1,0
DO2781f2-221013-UKee1880,UKee1880-221013-0118fb04,똑똑이,보더콜리,모르겠어요,12,00:00.0,https://doggly-bucket-prod.s3.ap-northeast-2.amazonaws.com/dog/size/2483128005/94e9c8ed.jpeg,https://doggly-bucket-prod.s3.ap-northeast-2.amazonaws.com/dog/size/2483128005/94e9c8ed.jpeg,52.44,40.23,32.05,24.32,RECOMMEND,RECOMMEND,RECOMMEND,RECOMMEND,27:34.6,1,0
DO670c31-221011-UKf08c97,UKf08c97-221011-bd8f6e58,쭌쫑,닥스훈트,여자,4.2,00:00.0,,https://doggly-bucket-prod.s3.ap-northeast-2.amazonaws.com/dog/size/2481021178/92a665ad.jpeg,37,33,26,10,USER,USER,USER,USER,51:12.7,1,0
DO83231e-221011-UKf08c97,UKf08c97-221011-bd8f6e58,쭌쫑,닥스훈트,모르겠어요,4.2,00:00.0,https://doggly-bucket-prod.s3.ap-northeast-2.amazonaws.com/dog/size/2481021178/49c4a59b.jpeg,https://doggly-bucket-prod.s3.ap-northeast-2.amazonaws.com/dog/size/2481021178/49c4a59b.jpeg,34.63,29.99,23.31,9.13,RECOMMEND,RECOMMEND,RECOMMEND,RECOMMEND,56:10.5,0,0
DO09b000-221031-UKf0c5e7,UKf0c5e7-221031-309ef056,뭉치,포메라니안,모르겠어요,3.6,00:00.0,https://doggly-bucket-prod.s3.ap-northeast-2.amazonaws.com/dog/size/2506151831/d8929b4e.jpeg,https://doggly-bucket-prod.s3.ap-northeast-2.amazonaws.com/dog/size/2506151831/d8929b4e.jpeg,39.32,29.55,26.36,16.68,RECOMMEND,RECOMMEND,RECOMMEND,RECOMMEND,38:52.1,1,0
DOa9832f-221011-UKf0fa6f,UKf0fa6f-221010-5a7188c4,로라,말티즈,모르겠어요,1,00:00.0,https://doggly-bucket-prod.s3.ap-northeast-2.amazonaws.com/dog/size/2479162995/c0b172f2.jpeg,https://doggly-bucket-prod.s3.ap-northeast-2.amazonaws.com/dog/size/2479162995/c0b172f2.jpeg,25,15.9,14.9,20.5,USER,USER,USER,USER,31:26.3,1,0
DOa4b586-221013-UKf15f62,UKf15f62-221013-e0386b6e,김미소,포메라니안,모르겠어요,3.5,00:00.0,https://doggly-bucket-prod.s3.ap-northeast-2.amazonaws.com/dog/size/2483525086/383e0fab.jpeg,https://doggly-bucket-prod.s3.ap-northeast-2.amazonaws.com/dog/size/2483525086/383e0fab.jpeg,37,33,19,13,USER,USER,USER,USER,41:10.9,1,0
DOdeb76b-221008-UKf370db,UKf370db-221008-0c6c97fa,윽뗑,퍼그,모르겠어요,9,00:00.0,https://doggly-bucket-prod.s3.ap-northeast-2.amazonaws.com/dog/size/2475947759/ca029fc1.jpeg,https://doggly-bucket-prod.s3.ap-northeast-2.amazonaws.com/dog/size/2475947759/ca029fc1.jpeg,52.03,37.49,35.98,18.06,RECOMMEND,RECOMMEND,RECOMMEND,RECOMMEND,18:01.0,1,0
DO2dc57b-221026-UKf3b949,UKf3b949-221026-03d339eb,루이,웰시 코기,모르겠어요,15.9,00:00.0,https://doggly-bucket-prod.s3.ap-northeast-2.amazonaws.com/dog/size/2499731195/3effcbd5.jpeg,https://doggly-bucket-prod.s3.ap-northeast-2.amazonaws.com/dog/size/2499731195/3effcbd5.jpeg,60.45,53.71,39.77,16.86,RECOMMEND,RECOMMEND,RECOMMEND,RECOMMEND,17:31.6,1,0
DOf15a4b-221005-UKf3c61a,UKf3c61a-221005-7ace8822,또복,푸들토이,모르겠어요,1.2,00:00.0,https://doggly-bucket-prod.s3.ap-northeast-2.amazonaws.com/dog/size/2471826568/a39df41f.jpeg,https://doggly-bucket-prod.s3.ap-northeast-2.amazonaws.com/dog/size/2471826568/a39df41f.jpeg,26,24,15.5,13,USER,USER,USER,USER,15:33.6,1,0
DO8c6a51-221017-UKf4f8cb,UKf4f8cb-221017-190732b3,복동이,믹스 소형견,모르겠어요,5.5,00:00.0,https://doggly-bucket-prod.s3.ap-northeast-2.amazonaws.com/dog/size/2487790448/927d7c8d.png,https://doggly-bucket-prod.s3.ap-northeast-2.amazonaws.com/dog/size/2487790448/927d7c8d.png,42.7,35.3,27.1,19.5,USER,USER,USER,USER,08:20.0,1,0
DO5b390a-221007-UKf503d5,UKf503d5-221007-3e4825f3,먼지,포메라니안,모르겠어요,2.8,00:00.0,https://doggly-bucket-prod.s3.ap-northeast-2.amazonaws.com/dog/size/2475328965/b6fc491a.jpeg,https://doggly-bucket-prod.s3.ap-northeast-2.amazonaws.com/dog/size/2475328965/b6fc491a.jpeg,35.56,32.45,17.79,13.47,RECOMMEND,RECOMMEND,RECOMMEND,RECOMMEND,42:07.5,1,0
DO956790-221018-UKf5ee7a,UKf5ee7a-221018-1f1af74f,미미,요크셔 테리어,모르겠어요,3.5,00:00.0,https://doggly-bucket-prod.s3.ap-northeast-2.amazonaws.com/dog/size/2489340167/2960bee3.jpeg,https://doggly-bucket-prod.s3.ap-northeast-2.amazonaws.com/dog/size/2489340167/2960bee3.jpeg,38,26,22,16,USER,USER,USER,USER,43:38.8,1,0
DO93e81e-221022-UKf684cd,UKf684cd-221022-544dce94,도담,비숑 프리제,모르겠어요,5.5,00:00.0,https://doggly-bucket-prod.s3.ap-northeast-2.amazonaws.com/dog/size/2494070200/5f0ad50f.jpeg,https://doggly-bucket-prod.s3.ap-northeast-2.amazonaws.com/dog/size/2494070200/5f0ad50f.jpeg,45,33,25,20,USER,USER,USER,USER,28:42.6,1,0
DO0f986e-221031-UKf7fbac,UKf7fbac-221031-c906132b,미순,미니어처 핀셔,모르겠어요,7,00:00.0,https://doggly-bucket-prod.s3.ap-northeast-2.amazonaws.com/dog/size/2505812567/de9c6aef.jpeg,https://doggly-bucket-prod.s3.ap-northeast-2.amazonaws.com/dog/size/2505812567/de9c6aef.jpeg,235,265,63,276,USER,USER,USER,USER,58:39.9,1,0
DO11bd4b-221011-UKfab27a,UKfab27a-221011-4bd55b97,덮밥,믹스 소형견,모르겠어요,2.75,00:00.0,https://doggly-bucket-prod.s3.ap-northeast-2.amazonaws.com/dog/size/2479898045/65710fe6.jpeg,https://doggly-bucket-prod.s3.ap-northeast-2.amazonaws.com/dog/size/2479898045/65710fe6.jpeg,24,27,13.6,8,USER,USER,USER,USER,07:20.2,1,0
DO2d5005-221025-UKfbfa20,UKfbfa20-221025-684c8fd1,모라,웰시 코기,모르겠어요,2.6,00:00.0,https://doggly-bucket-prod.s3.ap-northeast-2.amazonaws.com/dog/size/2497731152/17b06ed8.jpeg,https://doggly-bucket-prod.s3.ap-northeast-2.amazonaws.com/dog/size/2497731152/17b06ed8.jpeg,26.3,21.8,16.1,6.9,USER,USER,USER,USER,33:31.1,1,0
DOd9c365-221019-UKfce9d9,UKfce9d9-221019-e72b29b2,미니,비숑 프리제,남자,4.8,00:00.0,,https://doggly-bucket-prod.s3.ap-northeast-2.amazonaws.com/dog/size/2489984377/99113c9e.jpeg,41.5,36.2,29,27,USER,USER,USER,USER,39:16.5,1,0
DObf6cce-221023-UKfd66a3,UKfd66a3-221023-43bcb808,모카,시바 이누,모르겠어요,8.6,00:00.0,https://doggly-bucket-prod.s3.ap-northeast-2.amazonaws.com/dog/size/2495971327/7521168f.jpeg,https://doggly-bucket-prod.s3.ap-northeast-2.amazonaws.com/dog/size/2495971327/7521168f.jpeg,47,52.5,31,24,USER,USER,USER,USER,11:25.6,1,0
DO4d56d2-221010-UKfed98b,UKfed98b-221010-a52f6894,정블루,그레이 하운드,모르겠어요,6,00:00.0,https://doggly-bucket-prod.s3.ap-northeast-2.amazonaws.com/dog/size/2479358306/7c93d0d8.jpeg,https://doggly-bucket-prod.s3.ap-northeast-2.amazonaws.com/dog/size/2479358306/7c93d0d8.jpeg,42,38,22,23,USER,USER,USER,USER,37:39.6,1,0
DOeeaf23-221016-US222225,US222225-220812-fec4081c,최미니,포메라니안,모르겠어요,3.26,00:00.0,https://doggly-bucket-prod.s3.ap-northeast-2.amazonaws.com/dog/size/mini0724/f4e2d370.jpeg,https://doggly-bucket-prod.s3.ap-northeast-2.amazonaws.com/dog/size/mini0724/f4e2d370.jpeg,40,25,28,15,USER,USER,USER,USER,45:40.8,0,0
DOb49b5f-221015-US8571d3,US8571d3-220729-ad7b500f,연탄,프렌치 불독,모르겠어요,9.9,00:00.0,https://doggly-bucket-prod.s3.ap-northeast-2.amazonaws.com/dog/size/lmmlmlm/8361e137.jpeg,https://doggly-bucket-prod.s3.ap-northeast-2.amazonaws.com/dog/size/lmmlmlm/8361e137.jpeg,52,36,37,17,USER,USER,USER,USER,37:26.2,0,0
DO8a9708-221025-US9cc7be,US9cc7be-221025-c6aec720,요미,비숑 프리제,모르겠어요,5.2,00:00.0,https://doggly-bucket-prod.s3.ap-northeast-2.amazonaws.com/dog/size/yoonso0819/b7722ef9.jpeg,https://doggly-bucket-prod.s3.ap-northeast-2.amazonaws.com/dog/size/yoonso0819/b7722ef9.jpeg,42,43.5,31,19,USER,USER,USER,USER,23:38.3,0,0
DO032da3-221025-US9cc7be,US9cc7be-221025-c6aec720,요미,비숑 프리제,모르겠어요,5.2,00:00.0,,https://doggly-bucket-prod.s3.ap-northeast-2.amazonaws.com/dog/size/yoonso0819/8a40ffb5.jpeg,42,43,29,19,USER,USER,USER,USER,32:59.7,1,0
